Pathogen,Protein_id,Position,True_class,Predictor,Predicted_prob
,ACI16088.1,1,,,0.375
,ACI16088.1,2,,,0.376
,ACI16088.1,3,,,0.373
,ACI16088.1,4,,,0.351
,ACI16088.1,5,,,0.35
,ACI16088.1,6,,,0.371
,ACI16088.1,7,,,0.391
,ACI16088.1,8,,,0.412
bpertussis,ACI16088.1,9,1.0,epitopevec,0.425
bpertussis,ACI16088.1,10,1.0,epitopevec,0.447
bpertussis,ACI16088.1,11,1.0,epitopevec,0.4639999999999999
bpertussis,ACI16088.1,12,1.0,epitopevec,0.481
bpertussis,ACI16088.1,13,1.0,epitopevec,0.491
bpertussis,ACI16088.1,14,1.0,epitopevec,0.497
,ACI16088.1,15,,,0.496
,ACI16088.1,16,,,0.488
,ACI16088.1,17,,,0.483
,ACI16088.1,18,,,0.483
,ACI16088.1,19,,,0.482
,ACI16088.1,20,,,0.484
,ACI16088.1,21,,,0.493
,ACI16088.1,22,,,0.504
,ACI16088.1,23,,,0.515
,ACI16088.1,24,,,0.5329999999999999
,ACI16088.1,25,,,0.5429999999999999
,ACI16088.1,26,,,0.5429999999999999
,ACI16088.1,27,,,0.546
,ACI16088.1,28,,,0.545
,ACI16088.1,29,,,0.552
,ACI16088.1,30,,,0.556
,ACI16088.1,31,,,0.562
,ACI16088.1,32,,,0.57
,ACI16088.1,33,,,0.5820000000000001
,ACI16088.1,34,,,0.594
,ACI16088.1,35,,,0.609
,ACI16088.1,36,,,0.631
,ACI16088.1,37,,,0.653
,ACI16088.1,38,,,0.672
,ACI16088.1,39,,,0.6890000000000001
,ACI16088.1,40,,,0.7
,ACI16088.1,41,,,0.7090000000000001
,ACI16088.1,42,,,0.716
,ACI16088.1,43,,,0.7240000000000001
,ACI16088.1,44,,,0.728
,ACI16088.1,45,,,0.7290000000000001
,ACI16088.1,46,,,0.737
,ACI16088.1,47,,,0.735
,ACI16088.1,48,,,0.726
,ACI16088.1,49,,,0.708
,ACI16088.1,50,,,0.687
,ACI16088.1,51,,,0.662
,ACI16088.1,52,,,0.638
,ACI16088.1,53,,,0.61
,ACI16088.1,54,,,0.591
,ACI16088.1,55,,,0.579
,ACI16088.1,56,,,0.555
,ACI16088.1,57,,,0.531
,ACI16088.1,58,,,0.506
,ACI16088.1,59,,,0.481
,ACI16088.1,60,,,0.4579999999999999
,ACI16088.1,61,,,0.439
,ACI16088.1,62,,,0.42
,ACI16088.1,63,,,0.402
,ACI16088.1,64,,,0.389
,ACI16088.1,65,,,0.3879999999999999
,ACI16088.1,66,,,0.385
,ACI16088.1,67,,,0.39
,ACI16088.1,68,,,0.405
,ACI16088.1,69,,,0.423
,ACI16088.1,70,,,0.44
,ACI16088.1,71,,,0.46
,ACI16088.1,72,,,0.473
,ACI16088.1,73,,,0.489
,ACI16088.1,74,,,0.505
,ACI16088.1,75,,,0.514
,ACI16088.1,76,,,0.536
,ACI16088.1,77,,,0.5579999999999999
,ACI16088.1,78,,,0.578
,ACI16088.1,79,,,0.602
,ACI16088.1,80,,,0.624
,ACI16088.1,81,,,0.6409999999999999
,ACI16088.1,82,,,0.6559999999999999
,ACI16088.1,83,,,0.672
,ACI16088.1,84,,,0.685
,ACI16088.1,85,,,0.691
,ACI16088.1,86,,,0.698
,ACI16088.1,87,,,0.703
,ACI16088.1,88,,,0.7020000000000001
,ACI16088.1,89,,,0.6970000000000001
,ACI16088.1,90,,,0.688
,ACI16088.1,91,,,0.672
,ACI16088.1,92,,,0.664
,ACI16088.1,93,,,0.647
,ACI16088.1,94,,,0.624
,ACI16088.1,95,,,0.602
,ACI16088.1,96,,,0.5820000000000001
,ACI16088.1,97,,,0.557
,ACI16088.1,98,,,0.537
,ACI16088.1,99,,,0.513
,ACI16088.1,100,,,0.49
,ACI16088.1,101,,,0.473
,ACI16088.1,102,,,0.4529999999999999
,ACI16088.1,103,,,0.429
,ACI16088.1,104,,,0.405
bpertussis,ACI16088.1,105,1.0,epitopevec,0.38
bpertussis,ACI16088.1,106,1.0,epitopevec,0.355
bpertussis,ACI16088.1,107,1.0,epitopevec,0.33
bpertussis,ACI16088.1,108,1.0,epitopevec,0.312
bpertussis,ACI16088.1,109,1.0,epitopevec,0.295
bpertussis,ACI16088.1,110,1.0,epitopevec,0.285
bpertussis,ACI16088.1,111,1.0,epitopevec,0.282
bpertussis,ACI16088.1,112,1.0,epitopevec,0.275
bpertussis,ACI16088.1,113,1.0,epitopevec,0.2769999999999999
bpertussis,ACI16088.1,114,1.0,epitopevec,0.28
bpertussis,ACI16088.1,115,1.0,epitopevec,0.285
bpertussis,ACI16088.1,116,1.0,epitopevec,0.292
bpertussis,ACI16088.1,117,1.0,epitopevec,0.303
bpertussis,ACI16088.1,118,1.0,epitopevec,0.309
bpertussis,ACI16088.1,119,1.0,epitopevec,0.314
bpertussis,ACI16088.1,120,1.0,epitopevec,0.326
bpertussis,ACI16088.1,121,1.0,epitopevec,0.335
bpertussis,ACI16088.1,122,1.0,epitopevec,0.347
,ACI16088.1,123,,,0.359
,ACI16088.1,124,,,0.372
bpertussis,ACI16088.1,125,0.0,epitopevec,0.389
bpertussis,ACI16088.1,126,0.0,epitopevec,0.401
bpertussis,ACI16088.1,127,0.0,epitopevec,0.416
bpertussis,ACI16088.1,128,0.0,epitopevec,0.426
bpertussis,ACI16088.1,129,0.0,epitopevec,0.4379999999999999
bpertussis,ACI16088.1,130,0.0,epitopevec,0.447
bpertussis,ACI16088.1,131,0.0,epitopevec,0.449
,ACI16088.1,132,,,0.451
,ACI16088.1,133,,,0.445
,ACI16088.1,134,,,0.435
,ACI16088.1,135,,,0.426
,ACI16088.1,136,,,0.416
,ACI16088.1,137,,,0.408
,ACI16088.1,138,,,0.401
,ACI16088.1,139,,,0.3989999999999999
,ACI16088.1,140,,,0.391
bpertussis,ACI16088.1,141,0.0,epitopevec,0.3879999999999999
bpertussis,ACI16088.1,142,0.0,epitopevec,0.3829999999999999
bpertussis,ACI16088.1,143,0.0,epitopevec,0.384
bpertussis,ACI16088.1,144,0.0,epitopevec,0.385
bpertussis,ACI16088.1,145,0.0,epitopevec,0.382
bpertussis,ACI16088.1,146,0.0,epitopevec,0.379
bpertussis,ACI16088.1,147,0.0,epitopevec,0.375
bpertussis,ACI16088.1,148,1.0,epitopevec,0.37
bpertussis,ACI16088.1,149,1.0,epitopevec,0.369
bpertussis,ACI16088.1,150,1.0,epitopevec,0.376
bpertussis,ACI16088.1,151,1.0,epitopevec,0.385
bpertussis,ACI16088.1,152,1.0,epitopevec,0.401
bpertussis,ACI16088.1,153,1.0,epitopevec,0.421
bpertussis,ACI16088.1,154,1.0,epitopevec,0.439
bpertussis,ACI16088.1,155,1.0,epitopevec,0.46
bpertussis,ACI16088.1,156,1.0,epitopevec,0.478
bpertussis,ACI16088.1,157,1.0,epitopevec,0.494
bpertussis,ACI16088.1,158,1.0,epitopevec,0.51
bpertussis,ACI16088.1,159,1.0,epitopevec,0.523
bpertussis,ACI16088.1,160,1.0,epitopevec,0.535
bpertussis,ACI16088.1,161,1.0,epitopevec,0.546
bpertussis,ACI16088.1,162,1.0,epitopevec,0.5529999999999999
bpertussis,ACI16088.1,163,1.0,epitopevec,0.562
bpertussis,ACI16088.1,164,1.0,epitopevec,0.564
bpertussis,ACI16088.1,165,1.0,epitopevec,0.5710000000000001
bpertussis,ACI16088.1,166,1.0,epitopevec,0.5820000000000001
bpertussis,ACI16088.1,167,1.0,epitopevec,0.5920000000000001
,ACI16088.1,168,,,0.604
,ACI16088.1,169,,,0.614
,ACI16088.1,170,,,0.619
,ACI16088.1,171,,,0.624
bpertussis,ACI16088.1,172,1.0,epitopevec,0.623
bpertussis,ACI16088.1,173,1.0,epitopevec,0.627
bpertussis,ACI16088.1,174,1.0,epitopevec,0.637
bpertussis,ACI16088.1,175,1.0,epitopevec,0.6409999999999999
bpertussis,ACI16088.1,176,1.0,epitopevec,0.638
,ACI16088.1,177,,,0.63
,ACI16088.1,178,,,0.624
,ACI16088.1,179,,,0.629
,ACI16088.1,180,,,0.633
,ACI16088.1,181,,,0.618
,ACI16088.1,182,,,0.652
,ACI16087.1,1,,,0.375
,ACI16087.1,2,,,0.376
,ACI16087.1,3,,,0.373
,ACI16087.1,4,,,0.351
,ACI16087.1,5,,,0.35
,ACI16087.1,6,,,0.371
,ACI16087.1,7,,,0.391
,ACI16087.1,8,,,0.412
,ACI16087.1,9,,,0.425
,ACI16087.1,10,,,0.447
,ACI16087.1,11,,,0.4639999999999999
,ACI16087.1,12,,,0.481
,ACI16087.1,13,,,0.491
,ACI16087.1,14,,,0.497
,ACI16087.1,15,,,0.496
,ACI16087.1,16,,,0.488
,ACI16087.1,17,,,0.483
,ACI16087.1,18,,,0.483
,ACI16087.1,19,,,0.482
,ACI16087.1,20,,,0.484
,ACI16087.1,21,,,0.493
,ACI16087.1,22,,,0.504
,ACI16087.1,23,,,0.515
,ACI16087.1,24,,,0.5329999999999999
,ACI16087.1,25,,,0.5429999999999999
,ACI16087.1,26,,,0.5429999999999999
,ACI16087.1,27,,,0.546
,ACI16087.1,28,,,0.545
,ACI16087.1,29,,,0.552
,ACI16087.1,30,,,0.556
bpertussis,ACI16087.1,31,1.0,epitopevec,0.562
bpertussis,ACI16087.1,32,1.0,epitopevec,0.57
bpertussis,ACI16087.1,33,1.0,epitopevec,0.5820000000000001
bpertussis,ACI16087.1,34,1.0,epitopevec,0.594
bpertussis,ACI16087.1,35,1.0,epitopevec,0.609
bpertussis,ACI16087.1,36,1.0,epitopevec,0.631
bpertussis,ACI16087.1,37,1.0,epitopevec,0.653
bpertussis,ACI16087.1,38,1.0,epitopevec,0.672
bpertussis,ACI16087.1,39,1.0,epitopevec,0.6890000000000001
bpertussis,ACI16087.1,40,1.0,epitopevec,0.7
bpertussis,ACI16087.1,41,1.0,epitopevec,0.7090000000000001
bpertussis,ACI16087.1,42,1.0,epitopevec,0.716
bpertussis,ACI16087.1,43,1.0,epitopevec,0.7240000000000001
bpertussis,ACI16087.1,44,1.0,epitopevec,0.728
bpertussis,ACI16087.1,45,1.0,epitopevec,0.7290000000000001
bpertussis,ACI16087.1,46,1.0,epitopevec,0.731
bpertussis,ACI16087.1,47,1.0,epitopevec,0.732
,ACI16087.1,48,,,0.7240000000000001
,ACI16087.1,49,,,0.7090000000000001
,ACI16087.1,50,,,0.69
,ACI16087.1,51,,,0.6679999999999999
,ACI16087.1,52,,,0.6459999999999999
,ACI16087.1,53,,,0.621
,ACI16087.1,54,,,0.605
,ACI16087.1,55,,,0.597
,ACI16087.1,56,,,0.5760000000000001
,ACI16087.1,57,,,0.555
,ACI16087.1,58,,,0.534
,ACI16087.1,59,,,0.512
,ACI16087.1,60,,,0.492
,ACI16087.1,61,,,0.476
,ACI16087.1,62,,,0.461
,ACI16087.1,63,,,0.45
,ACI16087.1,64,,,0.441
,ACI16087.1,65,,,0.442
,ACI16087.1,66,,,0.444
,ACI16087.1,67,,,0.446
,ACI16087.1,68,,,0.46
,ACI16087.1,69,,,0.476
,ACI16087.1,70,,,0.49
,ACI16087.1,71,,,0.508
,ACI16087.1,72,,,0.518
,ACI16087.1,73,,,0.532
bpertussis,ACI16087.1,74,1.0,epitopevec,0.545
bpertussis,ACI16087.1,75,1.0,epitopevec,0.55
bpertussis,ACI16087.1,76,1.0,epitopevec,0.569
bpertussis,ACI16087.1,77,1.0,epitopevec,0.5870000000000001
bpertussis,ACI16087.1,78,1.0,epitopevec,0.604
bpertussis,ACI16087.1,79,1.0,epitopevec,0.624
bpertussis,ACI16087.1,80,1.0,epitopevec,0.643
bpertussis,ACI16087.1,81,1.0,epitopevec,0.6579999999999999
bpertussis,ACI16087.1,82,1.0,epitopevec,0.67
bpertussis,ACI16087.1,83,1.0,epitopevec,0.6779999999999999
,ACI16087.1,84,,,0.687
,ACI16087.1,85,,,0.691
,ACI16087.1,86,,,0.698
,ACI16087.1,87,,,0.703
,ACI16087.1,88,,,0.7020000000000001
,ACI16087.1,89,,,0.6970000000000001
,ACI16087.1,90,,,0.688
,ACI16087.1,91,,,0.672
,ACI16087.1,92,,,0.664
,ACI16087.1,93,,,0.647
,ACI16087.1,94,,,0.624
,ACI16087.1,95,,,0.602
,ACI16087.1,96,,,0.5820000000000001
,ACI16087.1,97,,,0.557
,ACI16087.1,98,,,0.537
,ACI16087.1,99,,,0.513
,ACI16087.1,100,,,0.49
,ACI16087.1,101,,,0.473
,ACI16087.1,102,,,0.4529999999999999
,ACI16087.1,103,,,0.429
,ACI16087.1,104,,,0.405
,ACI16087.1,105,,,0.38
,ACI16087.1,106,,,0.355
,ACI16087.1,107,,,0.33
,ACI16087.1,108,,,0.312
,ACI16087.1,109,,,0.295
,ACI16087.1,110,,,0.285
,ACI16087.1,111,,,0.282
,ACI16087.1,112,,,0.275
,ACI16087.1,113,,,0.2769999999999999
,ACI16087.1,114,,,0.28
,ACI16087.1,115,,,0.285
,ACI16087.1,116,,,0.292
,ACI16087.1,117,,,0.303
,ACI16087.1,118,,,0.309
,ACI16087.1,119,,,0.314
,ACI16087.1,120,,,0.326
,ACI16087.1,121,,,0.335
,ACI16087.1,122,,,0.347
,ACI16087.1,123,,,0.359
,ACI16087.1,124,,,0.372
,ACI16087.1,125,,,0.389
,ACI16087.1,126,,,0.401
,ACI16087.1,127,,,0.416
,ACI16087.1,128,,,0.426
,ACI16087.1,129,,,0.4379999999999999
,ACI16087.1,130,,,0.447
,ACI16087.1,131,,,0.449
,ACI16087.1,132,,,0.451
,ACI16087.1,133,,,0.445
,ACI16087.1,134,,,0.435
,ACI16087.1,135,,,0.426
,ACI16087.1,136,,,0.416
,ACI16087.1,137,,,0.408
,ACI16087.1,138,,,0.401
,ACI16087.1,139,,,0.3989999999999999
,ACI16087.1,140,,,0.391
,ACI16087.1,141,,,0.3879999999999999
,ACI16087.1,142,,,0.3829999999999999
,ACI16087.1,143,,,0.384
,ACI16087.1,144,,,0.385
,ACI16087.1,145,,,0.382
,ACI16087.1,146,,,0.379
,ACI16087.1,147,,,0.375
,ACI16087.1,148,,,0.37
,ACI16087.1,149,,,0.369
,ACI16087.1,150,,,0.376
,ACI16087.1,151,,,0.385
,ACI16087.1,152,,,0.401
,ACI16087.1,153,,,0.421
,ACI16087.1,154,,,0.439
,ACI16087.1,155,,,0.46
,ACI16087.1,156,,,0.478
,ACI16087.1,157,,,0.494
,ACI16087.1,158,,,0.51
,ACI16087.1,159,,,0.523
,ACI16087.1,160,,,0.535
,ACI16087.1,161,,,0.546
,ACI16087.1,162,,,0.5529999999999999
,ACI16087.1,163,,,0.562
,ACI16087.1,164,,,0.564
,ACI16087.1,165,,,0.5710000000000001
,ACI16087.1,166,,,0.5820000000000001
,ACI16087.1,167,,,0.5920000000000001
,ACI16087.1,168,,,0.604
,ACI16087.1,169,,,0.614
,ACI16087.1,170,,,0.619
,ACI16087.1,171,,,0.624
,ACI16087.1,172,,,0.623
,ACI16087.1,173,,,0.627
,ACI16087.1,174,,,0.637
,ACI16087.1,175,,,0.6409999999999999
,ACI16087.1,176,,,0.638
,ACI16087.1,177,,,0.63
,ACI16087.1,178,,,0.624
,ACI16087.1,179,,,0.629
,ACI16087.1,180,,,0.633
,ACI16087.1,181,,,0.618
,ACI16087.1,182,,,0.652
,AAA22983.1,1,,,0.2789999999999999
,AAA22983.1,2,,,0.305
,AAA22983.1,3,,,0.321
,AAA22983.1,4,,,0.324
,AAA22983.1,5,,,0.322
,AAA22983.1,6,,,0.3289999999999999
,AAA22983.1,7,,,0.344
,AAA22983.1,8,,,0.357
,AAA22983.1,9,,,0.367
,AAA22983.1,10,,,0.371
,AAA22983.1,11,,,0.373
bpertussis,AAA22983.1,12,1.0,epitopevec,0.379
bpertussis,AAA22983.1,13,1.0,epitopevec,0.3989999999999999
bpertussis,AAA22983.1,14,1.0,epitopevec,0.416
bpertussis,AAA22983.1,15,1.0,epitopevec,0.422
bpertussis,AAA22983.1,16,1.0,epitopevec,0.427
bpertussis,AAA22983.1,17,1.0,epitopevec,0.434
bpertussis,AAA22983.1,18,1.0,epitopevec,0.444
bpertussis,AAA22983.1,19,1.0,epitopevec,0.452
bpertussis,AAA22983.1,20,1.0,epitopevec,0.46
bpertussis,AAA22983.1,21,1.0,epitopevec,0.479
bpertussis,AAA22983.1,22,0.0,epitopevec,0.496
bpertussis,AAA22983.1,23,0.0,epitopevec,0.514
bpertussis,AAA22983.1,24,0.0,epitopevec,0.534
bpertussis,AAA22983.1,25,0.0,epitopevec,0.5539999999999999
bpertussis,AAA22983.1,26,0.0,epitopevec,0.573
bpertussis,AAA22983.1,27,0.0,epitopevec,0.588
bpertussis,AAA22983.1,28,0.0,epitopevec,0.603
bpertussis,AAA22983.1,29,0.0,epitopevec,0.618
bpertussis,AAA22983.1,30,0.0,epitopevec,0.629
bpertussis,AAA22983.1,31,0.0,epitopevec,0.637
bpertussis,AAA22983.1,32,0.0,epitopevec,0.649
bpertussis,AAA22983.1,33,0.0,epitopevec,0.654
bpertussis,AAA22983.1,34,0.0,epitopevec,0.6559999999999999
bpertussis,AAA22983.1,35,0.0,epitopevec,0.6579999999999999
bpertussis,AAA22983.1,36,0.0,epitopevec,0.664
bpertussis,AAA22983.1,37,0.0,epitopevec,0.6709999999999999
bpertussis,AAA22983.1,38,0.0,epitopevec,0.675
bpertussis,AAA22983.1,39,0.0,epitopevec,0.6809999999999999
bpertussis,AAA22983.1,40,1.0,epitopevec,0.685
bpertussis,AAA22983.1,41,1.0,epitopevec,0.6859999999999999
bpertussis,AAA22983.1,42,1.0,epitopevec,0.6859999999999999
bpertussis,AAA22983.1,43,1.0,epitopevec,0.6829999999999999
bpertussis,AAA22983.1,44,1.0,epitopevec,0.679
bpertussis,AAA22983.1,45,1.0,epitopevec,0.674
bpertussis,AAA22983.1,46,1.0,epitopevec,0.667
bpertussis,AAA22983.1,47,1.0,epitopevec,0.662
bpertussis,AAA22983.1,48,1.0,epitopevec,0.6609999999999999
bpertussis,AAA22983.1,49,1.0,epitopevec,0.665
bpertussis,AAA22983.1,50,0.0,epitopevec,0.677
bpertussis,AAA22983.1,51,0.0,epitopevec,0.691
bpertussis,AAA22983.1,52,0.0,epitopevec,0.7
bpertussis,AAA22983.1,53,0.0,epitopevec,0.6990000000000001
bpertussis,AAA22983.1,54,0.0,epitopevec,0.705
bpertussis,AAA22983.1,55,0.0,epitopevec,0.716
bpertussis,AAA22983.1,56,0.0,epitopevec,0.7240000000000001
bpertussis,AAA22983.1,57,0.0,epitopevec,0.728
bpertussis,AAA22983.1,58,0.0,epitopevec,0.735
bpertussis,AAA22983.1,59,0.0,epitopevec,0.738
bpertussis,AAA22983.1,60,0.0,epitopevec,0.7440000000000001
,AAA22983.1,61,,,0.752
,AAA22983.1,62,,,0.76
,AAA22983.1,63,,,0.7709999999999999
,AAA22983.1,64,,,0.779
,AAA22983.1,65,,,0.785
,AAA22983.1,66,,,0.7979999999999999
,AAA22983.1,67,,,0.807
,AAA22983.1,68,,,0.8109999999999999
,AAA22983.1,69,,,0.81
,AAA22983.1,70,,,0.809
,AAA22983.1,71,,,0.812
,AAA22983.1,72,,,0.813
,AAA22983.1,73,,,0.82
,AAA22983.1,74,,,0.821
,AAA22983.1,75,,,0.818
,AAA22983.1,76,,,0.8140000000000001
,AAA22983.1,77,,,0.81
,AAA22983.1,78,,,0.8029999999999999
,AAA22983.1,79,,,0.7959999999999999
,AAA22983.1,80,,,0.7879999999999999
,AAA22983.1,81,,,0.78
,AAA22983.1,82,,,0.774
,AAA22983.1,83,,,0.77
,AAA22983.1,84,,,0.765
,AAA22983.1,85,,,0.763
,AAA22983.1,86,,,0.7559999999999999
,AAA22983.1,87,,,0.753
,AAA22983.1,88,,,0.747
,AAA22983.1,89,,,0.7390000000000001
,AAA22983.1,90,,,0.7290000000000001
,AAA22983.1,91,,,0.716
,AAA22983.1,92,,,0.705
,AAA22983.1,93,,,0.701
,AAA22983.1,94,,,0.698
,AAA22983.1,95,,,0.696
,AAA22983.1,96,,,0.6990000000000001
,AAA22983.1,97,,,0.7040000000000001
,AAA22983.1,98,,,0.708
,AAA22983.1,99,,,0.7140000000000001
,AAA22983.1,100,,,0.7190000000000001
,AAA22983.1,101,,,0.718
,AAA22983.1,102,,,0.716
,AAA22983.1,103,,,0.71
,AAA22983.1,104,,,0.705
,AAA22983.1,105,,,0.703
,AAA22983.1,106,,,0.703
,AAA22983.1,107,,,0.7020000000000001
,AAA22983.1,108,,,0.705
,AAA22983.1,109,,,0.71
,AAA22983.1,110,,,0.716
,AAA22983.1,111,,,0.723
,AAA22983.1,112,,,0.73
,AAA22983.1,113,,,0.726
,AAA22983.1,114,,,0.725
,AAA22983.1,115,,,0.727
,AAA22983.1,116,,,0.725
,AAA22983.1,117,,,0.722
,AAA22983.1,118,,,0.7190000000000001
,AAA22983.1,119,,,0.715
,AAA22983.1,120,,,0.7120000000000001
,AAA22983.1,121,,,0.7170000000000001
,AAA22983.1,122,,,0.721
,AAA22983.1,123,,,0.73
,AAA22983.1,124,,,0.74
,AAA22983.1,125,,,0.752
,AAA22983.1,126,,,0.762
,AAA22983.1,127,,,0.769
,AAA22983.1,128,,,0.772
,AAA22983.1,129,,,0.777
,AAA22983.1,130,,,0.784
,AAA22983.1,131,,,0.785
bpertussis,ACI04548.1,1,1.0,epitopevec,0.594
bpertussis,ACI04548.1,2,1.0,epitopevec,0.594
bpertussis,ACI04548.1,3,1.0,epitopevec,0.5660000000000001
bpertussis,ACI04548.1,4,1.0,epitopevec,0.5529999999999999
bpertussis,ACI04548.1,5,1.0,epitopevec,0.556
bpertussis,ACI04548.1,6,1.0,epitopevec,0.537
bpertussis,ACI04548.1,7,1.0,epitopevec,0.541
bpertussis,ACI04548.1,8,1.0,epitopevec,0.563
bpertussis,ACI04548.1,9,1.0,epitopevec,0.5710000000000001
bpertussis,ACI04548.1,10,1.0,epitopevec,0.585
bpertussis,ACI04548.1,11,1.0,epitopevec,0.599
bpertussis,ACI04548.1,12,1.0,epitopevec,0.613
bpertussis,ACI04548.1,13,1.0,epitopevec,0.624
bpertussis,ACI04548.1,14,1.0,epitopevec,0.634
bpertussis,ACI04548.1,15,1.0,epitopevec,0.6409999999999999
bpertussis,ACI04548.1,16,1.0,epitopevec,0.6459999999999999
bpertussis,ACI04548.1,17,1.0,epitopevec,0.647
bpertussis,ACI04548.1,18,1.0,epitopevec,0.649
,ACI04548.1,19,,,0.6509999999999999
bpertussis,ACI04548.1,20,1.0,epitopevec,0.652
bpertussis,ACI04548.1,21,1.0,epitopevec,0.6579999999999999
bpertussis,ACI04548.1,22,1.0,epitopevec,0.662
bpertussis,ACI04548.1,23,1.0,epitopevec,0.674
bpertussis,ACI04548.1,24,1.0,epitopevec,0.688
bpertussis,ACI04548.1,25,1.0,epitopevec,0.6990000000000001
bpertussis,ACI04548.1,26,1.0,epitopevec,0.716
,ACI04548.1,27,,,0.726
,ACI04548.1,28,,,0.727
,ACI04548.1,29,,,0.731
bpertussis,ACI04548.1,30,0.0,epitopevec,0.728
bpertussis,ACI04548.1,31,0.0,epitopevec,0.722
bpertussis,ACI04548.1,32,0.0,epitopevec,0.7140000000000001
bpertussis,ACI04548.1,33,0.0,epitopevec,0.7070000000000001
bpertussis,ACI04548.1,34,0.0,epitopevec,0.698
bpertussis,ACI04548.1,35,0.0,epitopevec,0.6920000000000001
bpertussis,ACI04548.1,36,0.0,epitopevec,0.684
bpertussis,ACI04548.1,37,0.0,epitopevec,0.674
bpertussis,ACI04548.1,38,0.0,epitopevec,0.667
bpertussis,ACI04548.1,39,0.0,epitopevec,0.6559999999999999
bpertussis,ACI04548.1,40,0.0,epitopevec,0.647
bpertussis,ACI04548.1,41,0.0,epitopevec,0.634
bpertussis,ACI04548.1,42,0.0,epitopevec,0.626
bpertussis,ACI04548.1,43,0.0,epitopevec,0.617
bpertussis,ACI04548.1,44,0.0,epitopevec,0.606
bpertussis,ACI04548.1,45,0.0,epitopevec,0.599
bpertussis,ACI04548.1,46,0.0,epitopevec,0.594
bpertussis,ACI04548.1,47,0.0,epitopevec,0.588
bpertussis,ACI04548.1,48,0.0,epitopevec,0.585
bpertussis,ACI04548.1,49,0.0,epitopevec,0.586
bpertussis,ACI04548.1,50,0.0,epitopevec,0.59
bpertussis,ACI04548.1,51,0.0,epitopevec,0.593
bpertussis,ACI04548.1,52,0.0,epitopevec,0.596
bpertussis,ACI04548.1,53,0.0,epitopevec,0.602
bpertussis,ACI04548.1,54,0.0,epitopevec,0.608
bpertussis,ACI04548.1,55,0.0,epitopevec,0.615
bpertussis,ACI04548.1,56,0.0,epitopevec,0.624
bpertussis,ACI04548.1,57,0.0,epitopevec,0.637
bpertussis,ACI04548.1,58,0.0,epitopevec,0.647
bpertussis,ACI04548.1,59,0.0,epitopevec,0.6579999999999999
bpertussis,ACI04548.1,60,0.0,epitopevec,0.664
bpertussis,ACI04548.1,61,0.0,epitopevec,0.677
bpertussis,ACI04548.1,62,0.0,epitopevec,0.687
bpertussis,ACI04548.1,63,0.0,epitopevec,0.6920000000000001
bpertussis,ACI04548.1,64,0.0,epitopevec,0.701
,ACI04548.1,65,,,0.705
,ACI04548.1,66,,,0.708
,ACI04548.1,67,,,0.7020000000000001
,ACI04548.1,68,,,0.688
,ACI04548.1,69,,,0.674
,ACI04548.1,70,,,0.6629999999999999
,ACI04548.1,71,,,0.6509999999999999
,ACI04548.1,72,,,0.644
bpertussis,ACI04548.1,73,0.0,epitopevec,0.634
bpertussis,ACI04548.1,74,0.0,epitopevec,0.622
bpertussis,ACI04548.1,75,0.0,epitopevec,0.615
bpertussis,ACI04548.1,76,0.0,epitopevec,0.607
bpertussis,ACI04548.1,77,0.0,epitopevec,0.606
bpertussis,ACI04548.1,78,0.0,epitopevec,0.609
bpertussis,ACI04548.1,79,0.0,epitopevec,0.613
bpertussis,ACI04548.1,80,0.0,epitopevec,0.618
bpertussis,ACI04548.1,81,0.0,epitopevec,0.619
bpertussis,ACI04548.1,82,0.0,epitopevec,0.619
,ACI04548.1,83,,,0.625
,ACI04548.1,84,,,0.628
,ACI04548.1,85,,,0.636
,ACI04548.1,86,,,0.644
,ACI04548.1,87,,,0.662
,ACI04548.1,88,,,0.688
,ACI04548.1,89,,,0.71
,ACI04548.1,90,,,0.73
,ACI04548.1,91,,,0.753
,ACI04548.1,92,,,0.77
,ACI04548.1,93,,,0.789
,ACI04548.1,94,,,0.8079999999999999
,ACI04548.1,95,,,0.818
,ACI04548.1,96,,,0.8290000000000001
,ACI04548.1,97,,,0.836
,ACI04548.1,98,,,0.836
bpertussis,ACI04548.1,99,0.0,epitopevec,0.8320000000000001
bpertussis,ACI04548.1,100,0.0,epitopevec,0.8340000000000001
bpertussis,ACI04548.1,101,0.0,epitopevec,0.8370000000000001
bpertussis,ACI04548.1,102,0.0,epitopevec,0.8370000000000001
bpertussis,ACI04548.1,103,0.0,epitopevec,0.835
bpertussis,ACI04548.1,104,0.0,epitopevec,0.831
bpertussis,ACI04548.1,105,0.0,epitopevec,0.8220000000000001
bpertussis,ACI04548.1,106,0.0,epitopevec,0.807
bpertussis,ACI04548.1,107,0.0,epitopevec,0.7929999999999999
bpertussis,ACI04548.1,108,0.0,epitopevec,0.7809999999999999
bpertussis,ACI04548.1,109,0.0,epitopevec,0.769
bpertussis,ACI04548.1,110,0.0,epitopevec,0.754
bpertussis,ACI04548.1,111,0.0,epitopevec,0.745
bpertussis,ACI04548.1,112,0.0,epitopevec,0.737
bpertussis,ACI04548.1,113,0.0,epitopevec,0.728
bpertussis,ACI04548.1,114,0.0,epitopevec,0.716
bpertussis,ACI04548.1,115,0.0,epitopevec,0.711
bpertussis,ACI04548.1,116,0.0,epitopevec,0.711
bpertussis,ACI04548.1,117,0.0,epitopevec,0.7090000000000001
bpertussis,ACI04548.1,118,0.0,epitopevec,0.7090000000000001
bpertussis,ACI04548.1,119,0.0,epitopevec,0.716
bpertussis,ACI04548.1,120,0.0,epitopevec,0.72
bpertussis,ACI04548.1,121,0.0,epitopevec,0.7240000000000001
bpertussis,ACI04548.1,122,0.0,epitopevec,0.7290000000000001
bpertussis,ACI04548.1,123,0.0,epitopevec,0.735
bpertussis,ACI04548.1,124,1.0,epitopevec,0.74
bpertussis,ACI04548.1,125,1.0,epitopevec,0.742
bpertussis,ACI04548.1,126,1.0,epitopevec,0.752
bpertussis,ACI04548.1,127,1.0,epitopevec,0.7609999999999999
bpertussis,ACI04548.1,128,1.0,epitopevec,0.772
bpertussis,ACI04548.1,129,1.0,epitopevec,0.782
bpertussis,ACI04548.1,130,1.0,epitopevec,0.7959999999999999
bpertussis,ACI04548.1,131,1.0,epitopevec,0.804
bpertussis,ACI04548.1,132,1.0,epitopevec,0.8109999999999999
bpertussis,ACI04548.1,133,1.0,epitopevec,0.818
bpertussis,ACI04548.1,134,1.0,epitopevec,0.8270000000000001
bpertussis,ACI04548.1,135,1.0,epitopevec,0.8320000000000001
bpertussis,ACI04548.1,136,1.0,epitopevec,0.83
bpertussis,ACI04548.1,137,1.0,epitopevec,0.825
bpertussis,ACI04548.1,138,1.0,epitopevec,0.8190000000000001
bpertussis,ACI04548.1,139,0.0,epitopevec,0.813
bpertussis,ACI04548.1,140,0.0,epitopevec,0.809
bpertussis,ACI04548.1,141,0.0,epitopevec,0.81
bpertussis,ACI04548.1,142,0.0,epitopevec,0.81
bpertussis,ACI04548.1,143,0.0,epitopevec,0.8109999999999999
bpertussis,ACI04548.1,144,0.0,epitopevec,0.812
bpertussis,ACI04548.1,145,0.0,epitopevec,0.816
bpertussis,ACI04548.1,146,0.0,epitopevec,0.818
bpertussis,ACI04548.1,147,0.0,epitopevec,0.818
bpertussis,ACI04548.1,148,0.0,epitopevec,0.815
bpertussis,ACI04548.1,149,0.0,epitopevec,0.812
bpertussis,ACI04548.1,150,0.0,epitopevec,0.8079999999999999
bpertussis,ACI04548.1,151,0.0,epitopevec,0.804
bpertussis,ACI04548.1,152,0.0,epitopevec,0.8029999999999999
bpertussis,ACI04548.1,153,0.0,epitopevec,0.797
bpertussis,ACI04548.1,154,0.0,epitopevec,0.7979999999999999
bpertussis,ACI04548.1,155,0.0,epitopevec,0.7979999999999999
bpertussis,ACI04548.1,156,0.0,epitopevec,0.8
,ACI04548.1,157,,,0.809
,ACI04548.1,158,,,0.818
,ACI04548.1,159,,,0.8270000000000001
,ACI04548.1,160,,,0.833
,ACI04548.1,161,,,0.836
,ACI04548.1,162,,,0.8340000000000001
,ACI04548.1,163,,,0.83
,ACI04548.1,164,,,0.8270000000000001
,ACI04548.1,165,,,0.826
,ACI04548.1,166,,,0.825
,ACI04548.1,167,,,0.8240000000000001
,ACI04548.1,168,,,0.821
,ACI04548.1,169,,,0.821
,ACI04548.1,170,,,0.82
,ACI04548.1,171,,,0.816
bpertussis,ACI04548.1,172,0.0,epitopevec,0.8109999999999999
bpertussis,ACI04548.1,173,0.0,epitopevec,0.8109999999999999
bpertussis,ACI04548.1,174,0.0,epitopevec,0.804
bpertussis,ACI04548.1,175,0.0,epitopevec,0.789
bpertussis,ACI04548.1,176,0.0,epitopevec,0.77
bpertussis,ACI04548.1,177,0.0,epitopevec,0.743
bpertussis,ACI04548.1,178,0.0,epitopevec,0.718
bpertussis,ACI04548.1,179,0.0,epitopevec,0.693
bpertussis,ACI04548.1,180,0.0,epitopevec,0.67
bpertussis,ACI04548.1,181,0.0,epitopevec,0.6459999999999999
bpertussis,ACI04548.1,182,0.0,epitopevec,0.622
bpertussis,ACI04548.1,183,0.0,epitopevec,0.602
bpertussis,ACI04548.1,184,0.0,epitopevec,0.563
,ACI04548.1,185,,,0.523
,ACI04548.1,186,,,0.484
,ACI04548.1,187,,,0.447
,ACI04548.1,188,,,0.411
,ACI04548.1,189,,,0.374
,ACI04548.1,190,,,0.337
,ACI04548.1,191,,,0.302
,ACI04548.1,192,,,0.267
,ACI04548.1,193,,,0.233
,ACI04548.1,194,,,0.203
,ACI04548.1,195,,,0.18
,ACI04548.1,196,,,0.162
,ACI04548.1,197,,,0.147
,ACI04548.1,198,,,0.133
,ACI04548.1,199,,,0.1169999999999999
,ACI04548.1,200,,,0.1
bpertussis,ACI04548.1,201,1.0,epitopevec,0.0819999999999999
bpertussis,ACI04548.1,202,1.0,epitopevec,0.0969999999999999
bpertussis,ACI04548.1,203,1.0,epitopevec,0.109
bpertussis,ACI04548.1,204,1.0,epitopevec,0.136
bpertussis,ACI04548.1,205,1.0,epitopevec,0.1669999999999999
bpertussis,ACI04548.1,206,1.0,epitopevec,0.196
bpertussis,ACI04548.1,207,1.0,epitopevec,0.2269999999999999
bpertussis,ACI04548.1,208,1.0,epitopevec,0.256
bpertussis,ACI04548.1,209,1.0,epitopevec,0.287
bpertussis,ACI04548.1,210,1.0,epitopevec,0.318
bpertussis,ACI04548.1,211,1.0,epitopevec,0.347
bpertussis,ACI04548.1,212,0.0,epitopevec,0.373
bpertussis,ACI04548.1,213,0.0,epitopevec,0.3979999999999999
bpertussis,ACI04548.1,214,0.0,epitopevec,0.419
bpertussis,ACI04548.1,215,0.0,epitopevec,0.4479999999999999
bpertussis,ACI04548.1,216,0.0,epitopevec,0.477
bpertussis,ACI04548.1,217,0.0,epitopevec,0.498
bpertussis,ACI04548.1,218,0.0,epitopevec,0.522
bpertussis,ACI04548.1,219,0.0,epitopevec,0.5489999999999999
bpertussis,ACI04548.1,220,0.0,epitopevec,0.578
bpertussis,ACI04548.1,221,0.0,epitopevec,0.612
bpertussis,ACI04548.1,222,0.0,epitopevec,0.611
bpertussis,ACI04548.1,223,0.0,epitopevec,0.609
bpertussis,ACI04548.1,224,0.0,epitopevec,0.613
bpertussis,ACI04548.1,225,0.0,epitopevec,0.609
bpertussis,ACI04548.1,226,0.0,epitopevec,0.611
bpertussis,ACI04548.1,227,0.0,epitopevec,0.605
bpertussis,ACI04548.1,228,0.0,epitopevec,0.603
bpertussis,ACI04548.1,229,0.0,epitopevec,0.593
bpertussis,ACI04548.1,230,0.0,epitopevec,0.581
bpertussis,ACI04548.1,231,0.0,epitopevec,0.5720000000000001
bpertussis,ACI04548.1,232,0.0,epitopevec,0.5770000000000001
bpertussis,ACI04548.1,233,0.0,epitopevec,0.588
bpertussis,ACI04548.1,234,0.0,epitopevec,0.632
bpertussis,ACI04548.1,235,0.0,epitopevec,0.634
,AAA22980.1,1,,,0.316
,AAA22980.1,2,,,0.35
,AAA22980.1,3,,,0.372
,AAA22980.1,4,,,0.376
,AAA22980.1,5,,,0.377
,AAA22980.1,6,,,0.376
,AAA22980.1,7,,,0.382
,AAA22980.1,8,,,0.3939999999999999
,AAA22980.1,9,,,0.4029999999999999
,AAA22980.1,10,,,0.41
,AAA22980.1,11,,,0.411
,AAA22980.1,12,,,0.411
,AAA22980.1,13,,,0.412
,AAA22980.1,14,,,0.415
,AAA22980.1,15,,,0.42
,AAA22980.1,16,,,0.423
,AAA22980.1,17,,,0.422
,AAA22980.1,18,,,0.424
,AAA22980.1,19,,,0.427
,AAA22980.1,20,,,0.427
,AAA22980.1,21,,,0.436
,AAA22980.1,22,,,0.44
,AAA22980.1,23,,,0.445
,AAA22980.1,24,,,0.45
,AAA22980.1,25,,,0.455
,AAA22980.1,26,,,0.461
,AAA22980.1,27,,,0.4629999999999999
,AAA22980.1,28,,,0.4629999999999999
,AAA22980.1,29,,,0.462
,AAA22980.1,30,,,0.4539999999999999
,AAA22980.1,31,,,0.451
,AAA22980.1,32,,,0.451
,AAA22980.1,33,,,0.4589999999999999
,AAA22980.1,34,,,0.466
,AAA22980.1,35,,,0.473
,AAA22980.1,36,,,0.481
,AAA22980.1,37,,,0.492
,AAA22980.1,38,,,0.498
,AAA22980.1,39,,,0.501
,AAA22980.1,40,,,0.507
,AAA22980.1,41,,,0.51
,AAA22980.1,42,,,0.512
,AAA22980.1,43,,,0.512
,AAA22980.1,44,,,0.511
,AAA22980.1,45,,,0.511
,AAA22980.1,46,,,0.507
,AAA22980.1,47,,,0.508
,AAA22980.1,48,,,0.509
,AAA22980.1,49,,,0.505
,AAA22980.1,50,,,0.505
,AAA22980.1,51,,,0.502
,AAA22980.1,52,,,0.495
,AAA22980.1,53,,,0.48
,AAA22980.1,54,,,0.462
,AAA22980.1,55,,,0.4429999999999999
,AAA22980.1,56,,,0.425
,AAA22980.1,57,,,0.4039999999999999
,AAA22980.1,58,,,0.39
,AAA22980.1,59,,,0.376
,AAA22980.1,60,,,0.359
,AAA22980.1,61,,,0.346
,AAA22980.1,62,,,0.3339999999999999
,AAA22980.1,63,,,0.3229999999999999
,AAA22980.1,64,,,0.318
,AAA22980.1,65,,,0.316
,AAA22980.1,66,,,0.321
,AAA22980.1,67,,,0.322
,AAA22980.1,68,,,0.325
,AAA22980.1,69,,,0.337
,AAA22980.1,70,,,0.351
,AAA22980.1,71,,,0.366
,AAA22980.1,72,,,0.38
,AAA22980.1,73,,,0.396
,AAA22980.1,74,,,0.412
,AAA22980.1,75,,,0.433
,AAA22980.1,76,,,0.4529999999999999
,AAA22980.1,77,,,0.474
,AAA22980.1,78,,,0.496
,AAA22980.1,79,,,0.512
,AAA22980.1,80,,,0.529
,AAA22980.1,81,,,0.544
,AAA22980.1,82,,,0.552
,AAA22980.1,83,,,0.556
,AAA22980.1,84,,,0.5579999999999999
,AAA22980.1,85,,,0.5539999999999999
,AAA22980.1,86,,,0.55
,AAA22980.1,87,,,0.547
,AAA22980.1,88,,,0.537
,AAA22980.1,89,,,0.528
,AAA22980.1,90,,,0.521
,AAA22980.1,91,,,0.513
,AAA22980.1,92,,,0.508
,AAA22980.1,93,,,0.497
,AAA22980.1,94,,,0.488
,AAA22980.1,95,,,0.477
,AAA22980.1,96,,,0.466
,AAA22980.1,97,,,0.46
,AAA22980.1,98,,,0.451
,AAA22980.1,99,,,0.4479999999999999
,AAA22980.1,100,,,0.4429999999999999
,AAA22980.1,101,,,0.444
,AAA22980.1,102,,,0.4529999999999999
,AAA22980.1,103,,,0.466
,AAA22980.1,104,,,0.476
,AAA22980.1,105,,,0.49
,AAA22980.1,106,,,0.506
,AAA22980.1,107,,,0.517
,AAA22980.1,108,,,0.5329999999999999
,AAA22980.1,109,,,0.5429999999999999
,AAA22980.1,110,,,0.55
,AAA22980.1,111,,,0.555
,AAA22980.1,112,,,0.556
,AAA22980.1,113,,,0.5589999999999999
,AAA22980.1,114,,,0.5579999999999999
,AAA22980.1,115,,,0.5539999999999999
,AAA22980.1,116,,,0.546
,AAA22980.1,117,,,0.539
,AAA22980.1,118,,,0.528
,AAA22980.1,119,,,0.514
,AAA22980.1,120,,,0.503
,AAA22980.1,121,,,0.486
,AAA22980.1,122,,,0.465
,AAA22980.1,123,,,0.445
,AAA22980.1,124,,,0.428
,AAA22980.1,125,,,0.408
,AAA22980.1,126,,,0.386
,AAA22980.1,127,,,0.37
,AAA22980.1,128,,,0.351
,AAA22980.1,129,,,0.336
,AAA22980.1,130,,,0.33
,AAA22980.1,131,,,0.325
,AAA22980.1,132,,,0.325
,AAA22980.1,133,,,0.326
,AAA22980.1,134,,,0.327
,AAA22980.1,135,,,0.335
,AAA22980.1,136,,,0.35
,AAA22980.1,137,,,0.362
,AAA22980.1,138,,,0.377
,AAA22980.1,139,,,0.397
,AAA22980.1,140,,,0.419
,AAA22980.1,141,,,0.441
,AAA22980.1,142,,,0.466
,AAA22980.1,143,,,0.488
,AAA22980.1,144,,,0.506
,AAA22980.1,145,,,0.523
,AAA22980.1,146,,,0.5429999999999999
,AAA22980.1,147,,,0.561
,AAA22980.1,148,,,0.58
,AAA22980.1,149,,,0.597
,AAA22980.1,150,,,0.608
,AAA22980.1,151,,,0.624
,AAA22980.1,152,,,0.638
,AAA22980.1,153,,,0.6509999999999999
,AAA22980.1,154,,,0.669
,AAA22980.1,155,,,0.679
,AAA22980.1,156,,,0.6829999999999999
,AAA22980.1,157,,,0.6859999999999999
,AAA22980.1,158,,,0.6829999999999999
,AAA22980.1,159,,,0.677
,AAA22980.1,160,,,0.674
,AAA22980.1,161,,,0.6659999999999999
,AAA22980.1,162,,,0.66
,AAA22980.1,163,,,0.652
,AAA22980.1,164,,,0.643
,AAA22980.1,165,,,0.635
,AAA22980.1,166,,,0.62
,AAA22980.1,167,,,0.606
,AAA22980.1,168,,,0.5920000000000001
,AAA22980.1,169,,,0.578
,AAA22980.1,170,,,0.563
,AAA22980.1,171,,,0.5429999999999999
,AAA22980.1,172,,,0.523
,AAA22980.1,173,,,0.502
,AAA22980.1,174,,,0.477
,AAA22980.1,175,,,0.456
,AAA22980.1,176,,,0.441
,AAA22980.1,177,,,0.425
,AAA22980.1,178,,,0.413
,AAA22980.1,179,,,0.4029999999999999
,AAA22980.1,180,,,0.392
,AAA22980.1,181,,,0.385
,AAA22980.1,182,,,0.382
,AAA22980.1,183,,,0.38
,AAA22980.1,184,,,0.389
,AAA22980.1,185,,,0.395
,AAA22980.1,186,,,0.405
,AAA22980.1,187,,,0.417
,AAA22980.1,188,,,0.428
,AAA22980.1,189,,,0.4429999999999999
,AAA22980.1,190,,,0.4589999999999999
,AAA22980.1,191,,,0.477
,AAA22980.1,192,,,0.494
,AAA22980.1,193,,,0.512
,AAA22980.1,194,,,0.53
,AAA22980.1,195,,,0.5489999999999999
,AAA22980.1,196,,,0.565
,AAA22980.1,197,,,0.579
,AAA22980.1,198,,,0.596
,AAA22980.1,199,,,0.614
,AAA22980.1,200,,,0.629
,AAA22980.1,201,,,0.64
,AAA22980.1,202,,,0.648
,AAA22980.1,203,,,0.653
,AAA22980.1,204,,,0.65
,AAA22980.1,205,,,0.6459999999999999
,AAA22980.1,206,,,0.635
,AAA22980.1,207,,,0.624
,AAA22980.1,208,,,0.61
,AAA22980.1,209,,,0.5920000000000001
,AAA22980.1,210,,,0.575
,AAA22980.1,211,,,0.5579999999999999
,AAA22980.1,212,,,0.539
,AAA22980.1,213,,,0.522
,AAA22980.1,214,,,0.502
,AAA22980.1,215,,,0.481
,AAA22980.1,216,,,0.4579999999999999
,AAA22980.1,217,,,0.4379999999999999
,AAA22980.1,218,,,0.417
,AAA22980.1,219,,,0.396
,AAA22980.1,220,,,0.379
,AAA22980.1,221,,,0.362
,AAA22980.1,222,,,0.347
,AAA22980.1,223,,,0.3389999999999999
,AAA22980.1,224,,,0.335
,AAA22980.1,225,,,0.335
,AAA22980.1,226,,,0.342
,AAA22980.1,227,,,0.351
,AAA22980.1,228,,,0.364
,AAA22980.1,229,,,0.382
,AAA22980.1,230,,,0.402
,AAA22980.1,231,,,0.421
,AAA22980.1,232,,,0.4479999999999999
,AAA22980.1,233,,,0.476
,AAA22980.1,234,,,0.504
,AAA22980.1,235,,,0.525
,AAA22980.1,236,,,0.546
,AAA22980.1,237,,,0.5670000000000001
,AAA22980.1,238,,,0.5870000000000001
,AAA22980.1,239,,,0.598
,AAA22980.1,240,,,0.608
,AAA22980.1,241,,,0.614
,AAA22980.1,242,,,0.623
,AAA22980.1,243,,,0.629
,AAA22980.1,244,,,0.633
,AAA22980.1,245,,,0.638
,AAA22980.1,246,,,0.636
,AAA22980.1,247,,,0.627
,AAA22980.1,248,,,0.62
,AAA22980.1,249,,,0.61
,AAA22980.1,250,,,0.597
,AAA22980.1,251,,,0.5820000000000001
,AAA22980.1,252,,,0.5670000000000001
,AAA22980.1,253,,,0.551
,AAA22980.1,254,,,0.534
,AAA22980.1,255,,,0.521
,AAA22980.1,256,,,0.51
,AAA22980.1,257,,,0.498
,AAA22980.1,258,,,0.497
,AAA22980.1,259,,,0.495
,AAA22980.1,260,,,0.492
bpertussis,AAA22980.1,261,0.0,epitopevec,0.489
bpertussis,AAA22980.1,262,0.0,epitopevec,0.48
bpertussis,AAA22980.1,263,0.0,epitopevec,0.475
bpertussis,AAA22980.1,264,0.0,epitopevec,0.467
bpertussis,AAA22980.1,265,0.0,epitopevec,0.457
bpertussis,AAA22980.1,266,0.0,epitopevec,0.444
bpertussis,AAA22980.1,267,0.0,epitopevec,0.434
bpertussis,AAA22980.1,268,0.0,epitopevec,0.42
bpertussis,AAA22980.1,269,0.0,epitopevec,0.402
bpertussis,AAA22980.1,270,0.0,epitopevec,0.384
,AAA22980.1,271,,,0.366
,AAA22980.1,272,,,0.3429999999999999
,AAA22980.1,273,,,0.32
,AAA22980.1,274,,,0.303
,AAA22980.1,275,,,0.285
,AAA22980.1,276,,,0.2689999999999999
,AAA22980.1,277,,,0.252
,AAA22980.1,278,,,0.228
,AAA22980.1,279,,,0.211
,AAA22980.1,280,,,0.192
,AAA22980.1,281,,,0.18
,AAA22980.1,282,,,0.174
,AAA22980.1,283,,,0.1669999999999999
,AAA22980.1,284,,,0.1669999999999999
,AAA22980.1,285,,,0.17
,AAA22980.1,286,,,0.178
,AAA22980.1,287,,,0.192
,AAA22980.1,288,,,0.208
,AAA22980.1,289,,,0.226
,AAA22980.1,290,,,0.244
,AAA22980.1,291,,,0.2689999999999999
,AAA22980.1,292,,,0.3
,AAA22980.1,293,,,0.331
,AAA22980.1,294,,,0.364
,AAA22980.1,295,,,0.3939999999999999
,AAA22980.1,296,,,0.429
,AAA22980.1,297,,,0.461
,AAA22980.1,298,,,0.492
,AAA22980.1,299,,,0.522
,AAA22980.1,300,,,0.55
,AAA22980.1,301,,,0.5760000000000001
,AAA22980.1,302,,,0.594
,AAA22980.1,303,,,0.609
,AAA22980.1,304,,,0.617
,AAA22980.1,305,,,0.619
,AAA22980.1,306,,,0.62
,AAA22980.1,307,,,0.621
,AAA22980.1,308,,,0.618
,AAA22980.1,309,,,0.608
,AAA22980.1,310,,,0.6
,AAA22980.1,311,,,0.583
,AAA22980.1,312,,,0.561
,AAA22980.1,313,,,0.535
,AAA22980.1,314,,,0.506
,AAA22980.1,315,,,0.481
,AAA22980.1,316,,,0.452
,AAA22980.1,317,,,0.423
,AAA22980.1,318,,,0.396
,AAA22980.1,319,,,0.368
,AAA22980.1,320,,,0.344
,AAA22980.1,321,,,0.321
,AAA22980.1,322,,,0.307
,AAA22980.1,323,,,0.296
,AAA22980.1,324,,,0.292
,AAA22980.1,325,,,0.284
,AAA22980.1,326,,,0.28
,AAA22980.1,327,,,0.271
,AAA22980.1,328,,,0.265
,AAA22980.1,329,,,0.266
,AAA22980.1,330,,,0.265
,AAA22980.1,331,,,0.266
,AAA22980.1,332,,,0.266
,AAA22980.1,333,,,0.267
,AAA22980.1,334,,,0.272
,AAA22980.1,335,,,0.276
,AAA22980.1,336,,,0.28
,AAA22980.1,337,,,0.284
,AAA22980.1,338,,,0.286
,AAA22980.1,339,,,0.291
,AAA22980.1,340,,,0.293
,AAA22980.1,341,,,0.29
,AAA22980.1,342,,,0.283
,AAA22980.1,343,,,0.273
,AAA22980.1,344,,,0.259
,AAA22980.1,345,,,0.253
,AAA22980.1,346,,,0.248
,AAA22980.1,347,,,0.244
,AAA22980.1,348,,,0.24
,AAA22980.1,349,,,0.24
,AAA22980.1,350,,,0.241
,AAA22980.1,351,,,0.246
,AAA22980.1,352,,,0.254
,AAA22980.1,353,,,0.263
,AAA22980.1,354,,,0.273
,AAA22980.1,355,,,0.283
,AAA22980.1,356,,,0.295
,AAA22980.1,357,,,0.302
,AAA22980.1,358,,,0.311
,AAA22980.1,359,,,0.317
,AAA22980.1,360,,,0.325
,AAA22980.1,361,,,0.3339999999999999
,AAA22980.1,362,,,0.346
,AAA22980.1,363,,,0.353
,AAA22980.1,364,,,0.359
,AAA22980.1,365,,,0.364
,AAA22980.1,366,,,0.364
,AAA22980.1,367,,,0.365
,AAA22980.1,368,,,0.367
,AAA22980.1,369,,,0.361
,AAA22980.1,370,,,0.356
,AAA22980.1,371,,,0.351
,AAA22980.1,372,,,0.342
,AAA22980.1,373,,,0.3329999999999999
,AAA22980.1,374,,,0.3279999999999999
,AAA22980.1,375,,,0.325
,AAA22980.1,376,,,0.322
,AAA22980.1,377,,,0.326
,AAA22980.1,378,,,0.3329999999999999
,AAA22980.1,379,,,0.337
,AAA22980.1,380,,,0.34
,AAA22980.1,381,,,0.345
,AAA22980.1,382,,,0.353
,AAA22980.1,383,,,0.367
,AAA22980.1,384,,,0.382
,AAA22980.1,385,,,0.3929999999999999
,AAA22980.1,386,,,0.405
,AAA22980.1,387,,,0.41
,AAA22980.1,388,,,0.415
,AAA22980.1,389,,,0.423
,AAA22980.1,390,,,0.434
,AAA22980.1,391,,,0.444
,AAA22980.1,392,,,0.4539999999999999
,AAA22980.1,393,,,0.462
,AAA22980.1,394,,,0.466
,AAA22980.1,395,,,0.466
,AAA22980.1,396,,,0.465
,AAA22980.1,397,,,0.462
,AAA22980.1,398,,,0.457
,AAA22980.1,399,,,0.45
,AAA22980.1,400,,,0.444
,AAA22980.1,401,,,0.437
,AAA22980.1,402,,,0.428
,AAA22980.1,403,,,0.411
,AAA22980.1,404,,,0.3989999999999999
,AAA22980.1,405,,,0.3929999999999999
,AAA22980.1,406,,,0.392
,AAA22980.1,407,,,0.3929999999999999
,AAA22980.1,408,,,0.391
,AAA22980.1,409,,,0.391
,AAA22980.1,410,,,0.39
,AAA22980.1,411,,,0.39
,AAA22980.1,412,,,0.392
,AAA22980.1,413,,,0.396
,AAA22980.1,414,,,0.3979999999999999
,AAA22980.1,415,,,0.402
,AAA22980.1,416,,,0.406
,AAA22980.1,417,,,0.409
,AAA22980.1,418,,,0.411
,AAA22980.1,419,,,0.42
,AAA22980.1,420,,,0.434
,AAA22980.1,421,,,0.447
,AAA22980.1,422,,,0.461
,AAA22980.1,423,,,0.479
,AAA22980.1,424,,,0.49
,AAA22980.1,425,,,0.498
,AAA22980.1,426,,,0.509
,AAA22980.1,427,,,0.52
,AAA22980.1,428,,,0.531
,AAA22980.1,429,,,0.544
,AAA22980.1,430,,,0.557
,AAA22980.1,431,,,0.569
,AAA22980.1,432,,,0.5820000000000001
,AAA22980.1,433,,,0.596
,AAA22980.1,434,,,0.611
,AAA22980.1,435,,,0.624
,AAA22980.1,436,,,0.635
,AAA22980.1,437,,,0.645
,AAA22980.1,438,,,0.6559999999999999
,AAA22980.1,439,,,0.6579999999999999
,AAA22980.1,440,,,0.66
,AAA22980.1,441,,,0.6659999999999999
,AAA22980.1,442,,,0.6629999999999999
,AAA22980.1,443,,,0.654
,AAA22980.1,444,,,0.652
,AAA22980.1,445,,,0.6559999999999999
,AAA22980.1,446,,,0.6579999999999999
,AAA22980.1,447,,,0.6579999999999999
,AAA22980.1,448,,,0.66
,AAA22980.1,449,,,0.654
,AAA22980.1,450,,,0.6459999999999999
,AAA22980.1,451,,,0.637
,AAA22980.1,452,,,0.624
,AAA22980.1,453,,,0.613
,AAA22980.1,454,,,0.604
,AAA22980.1,455,,,0.591
,AAA22980.1,456,,,0.584
,AAA22980.1,457,,,0.583
,AAA22980.1,458,,,0.5820000000000001
,AAA22980.1,459,,,0.585
,AAA22980.1,460,,,0.585
,AAA22980.1,461,,,0.5820000000000001
,AAA22980.1,462,,,0.578
,AAA22980.1,463,,,0.58
,AAA22980.1,464,,,0.574
,AAA22980.1,465,,,0.5660000000000001
,AAA22980.1,466,,,0.5529999999999999
,AAA22980.1,467,,,0.541
,AAA22980.1,468,,,0.53
,AAA22980.1,469,,,0.526
,AAA22980.1,470,,,0.524
,AAA22980.1,471,,,0.515
,AAA22980.1,472,,,0.506
,AAA22980.1,473,,,0.498
,AAA22980.1,474,,,0.48
,AAA22980.1,475,,,0.4629999999999999
,AAA22980.1,476,,,0.442
,AAA22980.1,477,,,0.414
,AAA22980.1,478,,,0.392
,AAA22980.1,479,,,0.371
,AAA22980.1,480,,,0.354
,AAA22980.1,481,,,0.3339999999999999
,AAA22980.1,482,,,0.321
,AAA22980.1,483,,,0.308
,AAA22980.1,484,,,0.304
,AAA22980.1,485,,,0.303
,AAA22980.1,486,,,0.305
,AAA22980.1,487,,,0.307
,AAA22980.1,488,,,0.315
,AAA22980.1,489,,,0.321
,AAA22980.1,490,,,0.3279999999999999
,AAA22980.1,491,,,0.34
,AAA22980.1,492,,,0.353
,AAA22980.1,493,,,0.364
,AAA22980.1,494,,,0.385
,AAA22980.1,495,,,0.407
,AAA22980.1,496,,,0.429
,AAA22980.1,497,,,0.4479999999999999
,AAA22980.1,498,,,0.4639999999999999
,AAA22980.1,499,,,0.48
,AAA22980.1,500,,,0.495
,AAA22980.1,501,,,0.504
,AAA22980.1,502,,,0.509
,AAA22980.1,503,,,0.514
,AAA22980.1,504,,,0.511
,AAA22980.1,505,,,0.501
,AAA22980.1,506,,,0.491
,AAA22980.1,507,,,0.48
,AAA22980.1,508,,,0.466
,AAA22980.1,509,,,0.451
,AAA22980.1,510,,,0.436
,AAA22980.1,511,,,0.418
,AAA22980.1,512,,,0.407
,AAA22980.1,513,,,0.3979999999999999
,AAA22980.1,514,,,0.387
,AAA22980.1,515,,,0.376
,AAA22980.1,516,,,0.363
,AAA22980.1,517,,,0.353
,AAA22980.1,518,,,0.342
,AAA22980.1,519,,,0.332
,AAA22980.1,520,,,0.322
,AAA22980.1,521,,,0.322
,AAA22980.1,522,,,0.322
,AAA22980.1,523,,,0.321
,AAA22980.1,524,,,0.325
,AAA22980.1,525,,,0.332
,AAA22980.1,526,,,0.3389999999999999
,AAA22980.1,527,,,0.352
,AAA22980.1,528,,,0.364
,AAA22980.1,529,,,0.371
,AAA22980.1,530,,,0.374
,AAA22980.1,531,,,0.3779999999999999
,AAA22980.1,532,,,0.377
,AAA22980.1,533,,,0.372
,AAA22980.1,534,,,0.368
,AAA22980.1,535,,,0.369
,AAA22980.1,536,,,0.37
,AAA22980.1,537,,,0.375
,AAA22980.1,538,,,0.377
,AAA22980.1,539,,,0.375
,AAA22980.1,540,,,0.375
,AAA22980.1,541,,,0.371
,AAA22980.1,542,,,0.368
,AAA22980.1,543,,,0.369
,AAA22980.1,544,,,0.366
,AAA22980.1,545,,,0.355
,AAA22980.1,546,,,0.345
,AAA22980.1,547,,,0.332
,AAA22980.1,548,,,0.315
,AAA22980.1,549,,,0.301
,AAA22980.1,550,,,0.292
,AAA22980.1,551,,,0.283
,AAA22980.1,552,,,0.276
,AAA22980.1,553,,,0.267
,AAA22980.1,554,,,0.258
,AAA22980.1,555,,,0.247
,AAA22980.1,556,,,0.237
,AAA22980.1,557,,,0.225
,AAA22980.1,558,,,0.218
,AAA22980.1,559,,,0.214
,AAA22980.1,560,,,0.206
,AAA22980.1,561,,,0.1989999999999999
,AAA22980.1,562,,,0.1969999999999999
,AAA22980.1,563,,,0.198
,AAA22980.1,564,,,0.198
,AAA22980.1,565,,,0.206
,AAA22980.1,566,,,0.214
,AAA22980.1,567,,,0.221
,AAA22980.1,568,,,0.236
,AAA22980.1,569,,,0.25
,AAA22980.1,570,,,0.261
,AAA22980.1,571,,,0.271
,AAA22980.1,572,,,0.276
,AAA22980.1,573,,,0.286
,AAA22980.1,574,,,0.293
,AAA22980.1,575,,,0.297
,AAA22980.1,576,,,0.302
,AAA22980.1,577,,,0.305
,AAA22980.1,578,,,0.312
,AAA22980.1,579,,,0.316
,AAA22980.1,580,,,0.32
,AAA22980.1,581,,,0.326
,AAA22980.1,582,,,0.331
,AAA22980.1,583,,,0.336
,AAA22980.1,584,,,0.344
,AAA22980.1,585,,,0.348
,AAA22980.1,586,,,0.355
,AAA22980.1,587,,,0.361
,AAA22980.1,588,,,0.37
,AAA22980.1,589,,,0.38
,AAA22980.1,590,,,0.391
,AAA22980.1,591,,,0.402
,AAA22980.1,592,,,0.418
,AAA22980.1,593,,,0.428
,AAA22980.1,594,,,0.445
,AAA22980.1,595,,,0.461
,AAA22980.1,596,,,0.475
,AAA22980.1,597,,,0.489
,AAA22980.1,598,,,0.504
,AAA22980.1,599,,,0.519
,AAA22980.1,600,,,0.534
,AAA22980.1,601,,,0.542
,AAA22980.1,602,,,0.5479999999999999
,AAA22980.1,603,,,0.55
,AAA22980.1,604,,,0.5489999999999999
,AAA22980.1,605,,,0.5489999999999999
,AAA22980.1,606,,,0.5429999999999999
,AAA22980.1,607,,,0.539
,AAA22980.1,608,,,0.532
,AAA22980.1,609,,,0.525
,AAA22980.1,610,,,0.518
,AAA22980.1,611,,,0.516
,AAA22980.1,612,,,0.511
,AAA22980.1,613,,,0.51
,AAA22980.1,614,,,0.506
,AAA22980.1,615,,,0.498
,AAA22980.1,616,,,0.491
,AAA22980.1,617,,,0.486
,AAA22980.1,618,,,0.475
,AAA22980.1,619,,,0.465
,AAA22980.1,620,,,0.455
,AAA22980.1,621,,,0.451
,AAA22980.1,622,,,0.4479999999999999
,AAA22980.1,623,,,0.449
,AAA22980.1,624,,,0.449
,AAA22980.1,625,,,0.45
,AAA22980.1,626,,,0.45
,AAA22980.1,627,,,0.45
,AAA22980.1,628,,,0.4429999999999999
,AAA22980.1,629,,,0.436
,AAA22980.1,630,,,0.431
,AAA22980.1,631,,,0.421
,AAA22980.1,632,,,0.417
,AAA22980.1,633,,,0.416
,AAA22980.1,634,,,0.415
,AAA22980.1,635,,,0.423
,AAA22980.1,636,,,0.431
,AAA22980.1,637,,,0.436
,AAA22980.1,638,,,0.445
,AAA22980.1,639,,,0.46
,AAA22980.1,640,,,0.475
,AAA22980.1,641,,,0.493
,AAA22980.1,642,,,0.509
,AAA22980.1,643,,,0.516
,AAA22980.1,644,,,0.522
,AAA22980.1,645,,,0.531
,AAA22980.1,646,,,0.5429999999999999
,AAA22980.1,647,,,0.5489999999999999
,AAA22980.1,648,,,0.561
,AAA22980.1,649,,,0.5720000000000001
,AAA22980.1,650,,,0.584
,AAA22980.1,651,,,0.597
,AAA22980.1,652,,,0.609
,AAA22980.1,653,,,0.61
,AAA22980.1,654,,,0.614
,AAA22980.1,655,,,0.609
,AAA22980.1,656,,,0.61
,AAA22980.1,657,,,0.613
,AAA22980.1,658,,,0.607
,AAA22980.1,659,,,0.594
,AAA22980.1,660,,,0.583
,AAA22980.1,661,,,0.57
,AAA22980.1,662,,,0.561
,AAA22980.1,663,,,0.557
,AAA22980.1,664,,,0.5579999999999999
,AAA22980.1,665,,,0.555
,AAA22980.1,666,,,0.55
,AAA22980.1,667,,,0.547
,AAA22980.1,668,,,0.54
,AAA22980.1,669,,,0.534
,AAA22980.1,670,,,0.525
,AAA22980.1,671,,,0.517
,AAA22980.1,672,,,0.508
,AAA22980.1,673,,,0.503
,AAA22980.1,674,,,0.488
,AAA22980.1,675,,,0.483
,AAA22980.1,676,,,0.477
,AAA22980.1,677,,,0.471
,AAA22980.1,678,,,0.47
,AAA22980.1,679,,,0.469
,AAA22980.1,680,,,0.4629999999999999
,AAA22980.1,681,,,0.455
,AAA22980.1,682,,,0.446
,AAA22980.1,683,,,0.439
,AAA22980.1,684,,,0.431
,AAA22980.1,685,,,0.425
,AAA22980.1,686,,,0.422
,AAA22980.1,687,,,0.421
,AAA22980.1,688,,,0.422
,AAA22980.1,689,,,0.421
,AAA22980.1,690,,,0.425
,AAA22980.1,691,,,0.424
,AAA22980.1,692,,,0.424
,AAA22980.1,693,,,0.428
,AAA22980.1,694,,,0.437
,AAA22980.1,695,,,0.445
,AAA22980.1,696,,,0.4539999999999999
,AAA22980.1,697,,,0.4679999999999999
,AAA22980.1,698,,,0.479
,AAA22980.1,699,,,0.491
,AAA22980.1,700,,,0.5
,AAA22980.1,701,,,0.512
,AAA22980.1,702,,,0.526
,AAA22980.1,703,,,0.5329999999999999
,AAA22980.1,704,,,0.537
,AAA22980.1,705,,,0.539
,AAA22980.1,706,,,0.542
,AAA22980.1,707,,,0.544
,AAA22980.1,708,,,0.5489999999999999
,AAA22980.1,709,,,0.5589999999999999
,AAA22980.1,710,,,0.56
,AAA22980.1,711,,,0.564
,AAA22980.1,712,,,0.574
,AAA22980.1,713,,,0.5760000000000001
,AAA22980.1,714,,,0.5770000000000001
,AAA22980.1,715,,,0.5760000000000001
,AAA22980.1,716,,,0.5710000000000001
,AAA22980.1,717,,,0.5660000000000001
,AAA22980.1,718,,,0.565
,AAA22980.1,719,,,0.5660000000000001
,AAA22980.1,720,,,0.5720000000000001
,AAA22980.1,721,,,0.5770000000000001
,AAA22980.1,722,,,0.581
,AAA22980.1,723,,,0.5870000000000001
,AAA22980.1,724,,,0.599
,AAA22980.1,725,,,0.607
,AAA22980.1,726,,,0.617
,AAA22980.1,727,,,0.624
,AAA22980.1,728,,,0.626
,AAA22980.1,729,,,0.62
,AAA22980.1,730,,,0.617
,AAA22980.1,731,,,0.617
,AAA22980.1,732,,,0.612
,AAA22980.1,733,,,0.608
,AAA22980.1,734,,,0.606
,AAA22980.1,735,,,0.601
,AAA22980.1,736,,,0.593
,AAA22980.1,737,,,0.5820000000000001
,AAA22980.1,738,,,0.5660000000000001
,AAA22980.1,739,,,0.551
,AAA22980.1,740,,,0.534
,AAA22980.1,741,,,0.518
,AAA22980.1,742,,,0.491
,AAA22980.1,743,,,0.465
,AAA22980.1,744,,,0.441
,AAA22980.1,745,,,0.425
,AAA22980.1,746,,,0.4029999999999999
,AAA22980.1,747,,,0.386
,AAA22980.1,748,,,0.371
,AAA22980.1,749,,,0.36
,AAA22980.1,750,,,0.355
,AAA22980.1,751,,,0.345
,AAA22980.1,752,,,0.3329999999999999
,AAA22980.1,753,,,0.327
,AAA22980.1,754,,,0.322
,AAA22980.1,755,,,0.3229999999999999
,AAA22980.1,756,,,0.32
,AAA22980.1,757,,,0.316
,AAA22980.1,758,,,0.318
,AAA22980.1,759,,,0.314
,AAA22980.1,760,,,0.314
,AAA22980.1,761,,,0.315
,AAA22980.1,762,,,0.326
,AAA22980.1,763,,,0.341
,AAA22980.1,764,,,0.356
,AAA22980.1,765,,,0.364
,AAA22980.1,766,,,0.375
,AAA22980.1,767,,,0.387
,AAA22980.1,768,,,0.4039999999999999
,AAA22980.1,769,,,0.421
,AAA22980.1,770,,,0.434
,AAA22980.1,771,,,0.449
,AAA22980.1,772,,,0.462
,AAA22980.1,773,,,0.475
,AAA22980.1,774,,,0.482
,AAA22980.1,775,,,0.487
,AAA22980.1,776,,,0.495
,AAA22980.1,777,,,0.506
,AAA22980.1,778,,,0.517
,AAA22980.1,779,,,0.531
,AAA22980.1,780,,,0.5379999999999999
,AAA22980.1,781,,,0.5379999999999999
,AAA22980.1,782,,,0.534
,AAA22980.1,783,,,0.526
,AAA22980.1,784,,,0.515
,AAA22980.1,785,,,0.501
,AAA22980.1,786,,,0.488
,AAA22980.1,787,,,0.474
,AAA22980.1,788,,,0.46
,AAA22980.1,789,,,0.447
,AAA22980.1,790,,,0.44
,AAA22980.1,791,,,0.4379999999999999
,AAA22980.1,792,,,0.44
,AAA22980.1,793,,,0.444
,AAA22980.1,794,,,0.4479999999999999
,AAA22980.1,795,,,0.452
,AAA22980.1,796,,,0.451
,AAA22980.1,797,,,0.4429999999999999
,AAA22980.1,798,,,0.437
,AAA22980.1,799,,,0.434
,AAA22980.1,800,,,0.436
,AAA22980.1,801,,,0.441
,AAA22980.1,802,,,0.4479999999999999
,AAA22980.1,803,,,0.46
,AAA22980.1,804,,,0.466
,AAA22980.1,805,,,0.473
,AAA22980.1,806,,,0.475
,AAA22980.1,807,,,0.475
,AAA22980.1,808,,,0.47
,AAA22980.1,809,,,0.46
,AAA22980.1,810,,,0.446
,AAA22980.1,811,,,0.429
,AAA22980.1,812,,,0.412
,AAA22980.1,813,,,0.3979999999999999
,AAA22980.1,814,,,0.386
,AAA22980.1,815,,,0.374
,AAA22980.1,816,,,0.367
,AAA22980.1,817,,,0.364
,AAA22980.1,818,,,0.364
,AAA22980.1,819,,,0.368
,AAA22980.1,820,,,0.376
,AAA22980.1,821,,,0.3829999999999999
,AAA22980.1,822,,,0.3929999999999999
,AAA22980.1,823,,,0.401
,AAA22980.1,824,,,0.411
,AAA22980.1,825,,,0.42
,AAA22980.1,826,,,0.4379999999999999
,AAA22980.1,827,,,0.4529999999999999
,AAA22980.1,828,,,0.467
,AAA22980.1,829,,,0.482
,AAA22980.1,830,,,0.491
,AAA22980.1,831,,,0.502
,AAA22980.1,832,,,0.506
,AAA22980.1,833,,,0.509
,AAA22980.1,834,,,0.516
,AAA22980.1,835,,,0.519
,AAA22980.1,836,,,0.514
,AAA22980.1,837,,,0.51
,AAA22980.1,838,,,0.499
,AAA22980.1,839,,,0.479
,AAA22980.1,840,,,0.4589999999999999
,AAA22980.1,841,,,0.444
,AAA22980.1,842,,,0.431
,AAA22980.1,843,,,0.415
,AAA22980.1,844,,,0.407
,AAA22980.1,845,,,0.409
,AAA22980.1,846,,,0.409
,AAA22980.1,847,,,0.412
,AAA22980.1,848,,,0.423
,AAA22980.1,849,,,0.437
,AAA22980.1,850,,,0.455
,AAA22980.1,851,,,0.473
,AAA22980.1,852,,,0.494
,AAA22980.1,853,,,0.51
,AAA22980.1,854,,,0.521
,AAA22980.1,855,,,0.535
,AAA22980.1,856,,,0.555
,AAA22980.1,857,,,0.574
,AAA22980.1,858,,,0.593
,AAA22980.1,859,,,0.61
,AAA22980.1,860,,,0.621
,AAA22980.1,861,,,0.627
,AAA22980.1,862,,,0.631
,AAA22980.1,863,,,0.638
,AAA22980.1,864,,,0.6409999999999999
,AAA22980.1,865,,,0.639
,AAA22980.1,866,,,0.631
,AAA22980.1,867,,,0.62
,AAA22980.1,868,,,0.603
,AAA22980.1,869,,,0.586
,AAA22980.1,870,,,0.573
,AAA22980.1,871,,,0.564
,AAA22980.1,872,,,0.5589999999999999
,AAA22980.1,873,,,0.561
,AAA22980.1,874,,,0.564
,AAA22980.1,875,,,0.5710000000000001
,AAA22980.1,876,,,0.579
,AAA22980.1,877,,,0.59
,AAA22980.1,878,,,0.604
,AAA22980.1,879,,,0.62
,AAA22980.1,880,,,0.637
,AAA22980.1,881,,,0.62
,AAA22980.1,882,,,0.599
,AAA22980.1,883,,,0.578
,AAA22980.1,884,,,0.5579999999999999
,AAA22980.1,885,,,0.534
,AAA22980.1,886,,,0.514
,AAA22980.1,887,,,0.497
,AAA22980.1,888,,,0.48
,AAA22980.1,889,,,0.462
,AAA22980.1,890,,,0.4379999999999999
,AAA22980.1,891,,,0.409
,AAA22980.1,892,,,0.3929999999999999
,AAA22980.1,893,,,0.371
,AAA22980.1,894,,,0.347
,AAA22980.1,895,,,0.317
,AAA22980.1,896,,,0.283
,AAA22980.1,897,,,0.241
,AAA22980.1,898,,,0.195
,AAA22980.1,899,,,0.139
,AAA22980.1,900,,,0.078
,AAA22980.1,901,,,0.073
,AAA22980.1,902,,,0.072
,AAA22980.1,903,,,0.068
,AAA22980.1,904,,,0.062
,AAA22980.1,905,,,0.0579999999999999
,AAA22980.1,906,,,0.052
,AAA22980.1,907,,,0.051
,AAA22980.1,908,,,0.054
,AAA22980.1,909,,,0.0559999999999999
,AAA22980.1,910,,,0.06
,CAA09475.1,1,,,0.316
,CAA09475.1,2,,,0.35
,CAA09475.1,3,,,0.372
,CAA09475.1,4,,,0.376
,CAA09475.1,5,,,0.377
,CAA09475.1,6,,,0.376
,CAA09475.1,7,,,0.382
,CAA09475.1,8,,,0.3939999999999999
,CAA09475.1,9,,,0.4029999999999999
,CAA09475.1,10,,,0.41
,CAA09475.1,11,,,0.411
,CAA09475.1,12,,,0.411
,CAA09475.1,13,,,0.412
,CAA09475.1,14,,,0.415
,CAA09475.1,15,,,0.42
,CAA09475.1,16,,,0.423
,CAA09475.1,17,,,0.422
,CAA09475.1,18,,,0.424
,CAA09475.1,19,,,0.427
,CAA09475.1,20,,,0.427
,CAA09475.1,21,,,0.436
,CAA09475.1,22,,,0.44
,CAA09475.1,23,,,0.445
,CAA09475.1,24,,,0.45
,CAA09475.1,25,,,0.455
,CAA09475.1,26,,,0.461
,CAA09475.1,27,,,0.4629999999999999
,CAA09475.1,28,,,0.4629999999999999
,CAA09475.1,29,,,0.462
,CAA09475.1,30,,,0.4539999999999999
,CAA09475.1,31,,,0.451
,CAA09475.1,32,,,0.451
,CAA09475.1,33,,,0.4589999999999999
,CAA09475.1,34,,,0.466
,CAA09475.1,35,,,0.473
,CAA09475.1,36,,,0.481
,CAA09475.1,37,,,0.492
,CAA09475.1,38,,,0.498
,CAA09475.1,39,,,0.501
,CAA09475.1,40,,,0.507
,CAA09475.1,41,,,0.51
,CAA09475.1,42,,,0.512
,CAA09475.1,43,,,0.512
,CAA09475.1,44,,,0.511
,CAA09475.1,45,,,0.511
,CAA09475.1,46,,,0.507
,CAA09475.1,47,,,0.508
,CAA09475.1,48,,,0.509
,CAA09475.1,49,,,0.505
,CAA09475.1,50,,,0.505
,CAA09475.1,51,,,0.502
,CAA09475.1,52,,,0.495
,CAA09475.1,53,,,0.48
,CAA09475.1,54,,,0.462
,CAA09475.1,55,,,0.4429999999999999
,CAA09475.1,56,,,0.425
,CAA09475.1,57,,,0.4039999999999999
,CAA09475.1,58,,,0.39
,CAA09475.1,59,,,0.376
,CAA09475.1,60,,,0.359
,CAA09475.1,61,,,0.346
,CAA09475.1,62,,,0.3339999999999999
,CAA09475.1,63,,,0.3229999999999999
,CAA09475.1,64,,,0.318
,CAA09475.1,65,,,0.316
,CAA09475.1,66,,,0.321
,CAA09475.1,67,,,0.322
,CAA09475.1,68,,,0.325
,CAA09475.1,69,,,0.337
,CAA09475.1,70,,,0.351
,CAA09475.1,71,,,0.366
,CAA09475.1,72,,,0.38
,CAA09475.1,73,,,0.396
,CAA09475.1,74,,,0.412
,CAA09475.1,75,,,0.433
,CAA09475.1,76,,,0.4529999999999999
,CAA09475.1,77,,,0.474
,CAA09475.1,78,,,0.496
,CAA09475.1,79,,,0.512
,CAA09475.1,80,,,0.529
,CAA09475.1,81,,,0.544
,CAA09475.1,82,,,0.552
,CAA09475.1,83,,,0.556
,CAA09475.1,84,,,0.5579999999999999
,CAA09475.1,85,,,0.5539999999999999
,CAA09475.1,86,,,0.55
,CAA09475.1,87,,,0.547
,CAA09475.1,88,,,0.537
,CAA09475.1,89,,,0.528
,CAA09475.1,90,,,0.521
,CAA09475.1,91,,,0.513
,CAA09475.1,92,,,0.508
,CAA09475.1,93,,,0.497
,CAA09475.1,94,,,0.488
,CAA09475.1,95,,,0.477
,CAA09475.1,96,,,0.466
,CAA09475.1,97,,,0.46
,CAA09475.1,98,,,0.451
,CAA09475.1,99,,,0.4479999999999999
,CAA09475.1,100,,,0.4429999999999999
,CAA09475.1,101,,,0.444
,CAA09475.1,102,,,0.4529999999999999
,CAA09475.1,103,,,0.466
,CAA09475.1,104,,,0.476
,CAA09475.1,105,,,0.49
,CAA09475.1,106,,,0.506
,CAA09475.1,107,,,0.517
,CAA09475.1,108,,,0.5329999999999999
,CAA09475.1,109,,,0.5429999999999999
,CAA09475.1,110,,,0.55
,CAA09475.1,111,,,0.555
,CAA09475.1,112,,,0.556
,CAA09475.1,113,,,0.5589999999999999
,CAA09475.1,114,,,0.5579999999999999
,CAA09475.1,115,,,0.5539999999999999
,CAA09475.1,116,,,0.546
,CAA09475.1,117,,,0.539
,CAA09475.1,118,,,0.528
,CAA09475.1,119,,,0.514
,CAA09475.1,120,,,0.503
,CAA09475.1,121,,,0.486
,CAA09475.1,122,,,0.465
,CAA09475.1,123,,,0.445
,CAA09475.1,124,,,0.428
,CAA09475.1,125,,,0.408
,CAA09475.1,126,,,0.386
,CAA09475.1,127,,,0.37
,CAA09475.1,128,,,0.351
,CAA09475.1,129,,,0.336
,CAA09475.1,130,,,0.33
,CAA09475.1,131,,,0.325
,CAA09475.1,132,,,0.325
,CAA09475.1,133,,,0.326
,CAA09475.1,134,,,0.327
,CAA09475.1,135,,,0.335
,CAA09475.1,136,,,0.35
,CAA09475.1,137,,,0.362
,CAA09475.1,138,,,0.377
,CAA09475.1,139,,,0.397
,CAA09475.1,140,,,0.419
,CAA09475.1,141,,,0.441
,CAA09475.1,142,,,0.466
,CAA09475.1,143,,,0.488
,CAA09475.1,144,,,0.506
,CAA09475.1,145,,,0.523
,CAA09475.1,146,,,0.5429999999999999
,CAA09475.1,147,,,0.561
,CAA09475.1,148,,,0.58
,CAA09475.1,149,,,0.597
,CAA09475.1,150,,,0.608
,CAA09475.1,151,,,0.624
,CAA09475.1,152,,,0.638
,CAA09475.1,153,,,0.6509999999999999
,CAA09475.1,154,,,0.669
,CAA09475.1,155,,,0.679
,CAA09475.1,156,,,0.6829999999999999
,CAA09475.1,157,,,0.6859999999999999
,CAA09475.1,158,,,0.6829999999999999
,CAA09475.1,159,,,0.677
,CAA09475.1,160,,,0.674
,CAA09475.1,161,,,0.6659999999999999
,CAA09475.1,162,,,0.66
,CAA09475.1,163,,,0.652
,CAA09475.1,164,,,0.643
,CAA09475.1,165,,,0.635
,CAA09475.1,166,,,0.62
,CAA09475.1,167,,,0.606
,CAA09475.1,168,,,0.5920000000000001
,CAA09475.1,169,,,0.578
,CAA09475.1,170,,,0.563
,CAA09475.1,171,,,0.5429999999999999
,CAA09475.1,172,,,0.523
,CAA09475.1,173,,,0.502
,CAA09475.1,174,,,0.477
,CAA09475.1,175,,,0.456
,CAA09475.1,176,,,0.441
,CAA09475.1,177,,,0.425
,CAA09475.1,178,,,0.413
,CAA09475.1,179,,,0.4029999999999999
,CAA09475.1,180,,,0.392
,CAA09475.1,181,,,0.385
,CAA09475.1,182,,,0.382
,CAA09475.1,183,,,0.38
,CAA09475.1,184,,,0.389
,CAA09475.1,185,,,0.395
,CAA09475.1,186,,,0.405
,CAA09475.1,187,,,0.417
,CAA09475.1,188,,,0.428
,CAA09475.1,189,,,0.4429999999999999
,CAA09475.1,190,,,0.4589999999999999
,CAA09475.1,191,,,0.477
,CAA09475.1,192,,,0.494
,CAA09475.1,193,,,0.512
,CAA09475.1,194,,,0.53
,CAA09475.1,195,,,0.5489999999999999
,CAA09475.1,196,,,0.565
,CAA09475.1,197,,,0.579
,CAA09475.1,198,,,0.596
,CAA09475.1,199,,,0.614
,CAA09475.1,200,,,0.629
,CAA09475.1,201,,,0.64
,CAA09475.1,202,,,0.648
,CAA09475.1,203,,,0.653
,CAA09475.1,204,,,0.65
,CAA09475.1,205,,,0.6459999999999999
,CAA09475.1,206,,,0.635
,CAA09475.1,207,,,0.624
,CAA09475.1,208,,,0.61
,CAA09475.1,209,,,0.5920000000000001
,CAA09475.1,210,,,0.575
,CAA09475.1,211,,,0.5579999999999999
,CAA09475.1,212,,,0.539
,CAA09475.1,213,,,0.522
,CAA09475.1,214,,,0.502
,CAA09475.1,215,,,0.481
,CAA09475.1,216,,,0.4579999999999999
,CAA09475.1,217,,,0.4379999999999999
,CAA09475.1,218,,,0.417
,CAA09475.1,219,,,0.396
,CAA09475.1,220,,,0.379
,CAA09475.1,221,,,0.362
,CAA09475.1,222,,,0.347
,CAA09475.1,223,,,0.3389999999999999
,CAA09475.1,224,,,0.335
,CAA09475.1,225,,,0.335
,CAA09475.1,226,,,0.342
,CAA09475.1,227,,,0.351
,CAA09475.1,228,,,0.364
,CAA09475.1,229,,,0.382
,CAA09475.1,230,,,0.402
,CAA09475.1,231,,,0.421
,CAA09475.1,232,,,0.4479999999999999
,CAA09475.1,233,,,0.476
,CAA09475.1,234,,,0.504
,CAA09475.1,235,,,0.525
,CAA09475.1,236,,,0.546
,CAA09475.1,237,,,0.5670000000000001
,CAA09475.1,238,,,0.5870000000000001
,CAA09475.1,239,,,0.598
,CAA09475.1,240,,,0.608
,CAA09475.1,241,,,0.614
,CAA09475.1,242,,,0.623
,CAA09475.1,243,,,0.629
,CAA09475.1,244,,,0.633
,CAA09475.1,245,,,0.635
,CAA09475.1,246,,,0.636
,CAA09475.1,247,,,0.629
,CAA09475.1,248,,,0.619
,CAA09475.1,249,,,0.607
,CAA09475.1,250,,,0.5920000000000001
,CAA09475.1,251,,,0.574
,CAA09475.1,252,,,0.556
,CAA09475.1,253,,,0.537
,CAA09475.1,254,,,0.517
,CAA09475.1,255,,,0.501
,CAA09475.1,256,,,0.486
,CAA09475.1,257,,,0.472
,CAA09475.1,258,,,0.466
,CAA09475.1,259,,,0.4589999999999999
,CAA09475.1,260,,,0.451
,CAA09475.1,261,,,0.439
,CAA09475.1,262,,,0.425
,CAA09475.1,263,,,0.408
,CAA09475.1,264,,,0.389
,CAA09475.1,265,,,0.372
bpertussis,CAA09475.1,266,1.0,epitopevec,0.349
bpertussis,CAA09475.1,267,1.0,epitopevec,0.332
bpertussis,CAA09475.1,268,1.0,epitopevec,0.315
bpertussis,CAA09475.1,269,1.0,epitopevec,0.295
bpertussis,CAA09475.1,270,1.0,epitopevec,0.275
bpertussis,CAA09475.1,271,1.0,epitopevec,0.257
bpertussis,CAA09475.1,272,1.0,epitopevec,0.235
bpertussis,CAA09475.1,273,1.0,epitopevec,0.214
bpertussis,CAA09475.1,274,1.0,epitopevec,0.198
bpertussis,CAA09475.1,275,1.0,epitopevec,0.181
bpertussis,CAA09475.1,276,1.0,epitopevec,0.166
bpertussis,CAA09475.1,277,1.0,epitopevec,0.152
bpertussis,CAA09475.1,278,1.0,epitopevec,0.131
bpertussis,CAA09475.1,279,1.0,epitopevec,0.118
bpertussis,CAA09475.1,280,1.0,epitopevec,0.104
bpertussis,CAA09475.1,281,1.0,epitopevec,0.1009999999999999
bpertussis,CAA09475.1,282,1.0,epitopevec,0.1009999999999999
bpertussis,CAA09475.1,283,1.0,epitopevec,0.105
bpertussis,CAA09475.1,284,1.0,epitopevec,0.1169999999999999
bpertussis,CAA09475.1,285,1.0,epitopevec,0.129
bpertussis,CAA09475.1,286,1.0,epitopevec,0.144
bpertussis,CAA09475.1,287,1.0,epitopevec,0.1639999999999999
bpertussis,CAA09475.1,288,1.0,epitopevec,0.185
bpertussis,CAA09475.1,289,1.0,epitopevec,0.207
bpertussis,CAA09475.1,290,1.0,epitopevec,0.2289999999999999
,CAA09475.1,291,,,0.256
,CAA09475.1,292,,,0.289
,CAA09475.1,293,,,0.3229999999999999
,CAA09475.1,294,,,0.358
,CAA09475.1,295,,,0.389
,CAA09475.1,296,,,0.426
,CAA09475.1,297,,,0.46
,CAA09475.1,298,,,0.492
,CAA09475.1,299,,,0.522
,CAA09475.1,300,,,0.55
,CAA09475.1,301,,,0.5760000000000001
,CAA09475.1,302,,,0.594
,CAA09475.1,303,,,0.609
,CAA09475.1,304,,,0.617
,CAA09475.1,305,,,0.619
,CAA09475.1,306,,,0.62
,CAA09475.1,307,,,0.621
,CAA09475.1,308,,,0.618
,CAA09475.1,309,,,0.608
,CAA09475.1,310,,,0.6
,CAA09475.1,311,,,0.583
,CAA09475.1,312,,,0.561
,CAA09475.1,313,,,0.535
,CAA09475.1,314,,,0.506
,CAA09475.1,315,,,0.481
,CAA09475.1,316,,,0.451
,CAA09475.1,317,,,0.421
,CAA09475.1,318,,,0.392
,CAA09475.1,319,,,0.364
,CAA09475.1,320,,,0.3389999999999999
,CAA09475.1,321,,,0.316
,CAA09475.1,322,,,0.3
,CAA09475.1,323,,,0.288
,CAA09475.1,324,,,0.284
,CAA09475.1,325,,,0.275
,CAA09475.1,326,,,0.27
,CAA09475.1,327,,,0.26
,CAA09475.1,328,,,0.252
,CAA09475.1,329,,,0.253
,CAA09475.1,330,,,0.251
,CAA09475.1,331,,,0.254
,CAA09475.1,332,,,0.253
,CAA09475.1,333,,,0.254
,CAA09475.1,334,,,0.258
,CAA09475.1,335,,,0.262
,CAA09475.1,336,,,0.268
,CAA09475.1,337,,,0.273
,CAA09475.1,338,,,0.276
,CAA09475.1,339,,,0.281
,CAA09475.1,340,,,0.284
,CAA09475.1,341,,,0.282
,CAA09475.1,342,,,0.276
,CAA09475.1,343,,,0.268
,CAA09475.1,344,,,0.254
,CAA09475.1,345,,,0.249
,CAA09475.1,346,,,0.245
,CAA09475.1,347,,,0.242
,CAA09475.1,348,,,0.239
,CAA09475.1,349,,,0.24
,CAA09475.1,350,,,0.242
,CAA09475.1,351,,,0.245
,CAA09475.1,352,,,0.254
,CAA09475.1,353,,,0.263
,CAA09475.1,354,,,0.273
,CAA09475.1,355,,,0.283
,CAA09475.1,356,,,0.295
,CAA09475.1,357,,,0.302
,CAA09475.1,358,,,0.311
,CAA09475.1,359,,,0.317
,CAA09475.1,360,,,0.325
,CAA09475.1,361,,,0.3339999999999999
,CAA09475.1,362,,,0.346
,CAA09475.1,363,,,0.353
,CAA09475.1,364,,,0.359
,CAA09475.1,365,,,0.364
,CAA09475.1,366,,,0.364
,CAA09475.1,367,,,0.365
,CAA09475.1,368,,,0.367
,CAA09475.1,369,,,0.361
,CAA09475.1,370,,,0.356
,CAA09475.1,371,,,0.351
,CAA09475.1,372,,,0.342
,CAA09475.1,373,,,0.3329999999999999
,CAA09475.1,374,,,0.3279999999999999
,CAA09475.1,375,,,0.325
,CAA09475.1,376,,,0.322
,CAA09475.1,377,,,0.326
,CAA09475.1,378,,,0.3329999999999999
,CAA09475.1,379,,,0.337
,CAA09475.1,380,,,0.34
,CAA09475.1,381,,,0.345
,CAA09475.1,382,,,0.353
,CAA09475.1,383,,,0.367
,CAA09475.1,384,,,0.382
,CAA09475.1,385,,,0.3929999999999999
,CAA09475.1,386,,,0.405
,CAA09475.1,387,,,0.41
,CAA09475.1,388,,,0.415
,CAA09475.1,389,,,0.423
,CAA09475.1,390,,,0.434
,CAA09475.1,391,,,0.444
,CAA09475.1,392,,,0.4539999999999999
,CAA09475.1,393,,,0.462
,CAA09475.1,394,,,0.466
,CAA09475.1,395,,,0.466
,CAA09475.1,396,,,0.465
,CAA09475.1,397,,,0.462
,CAA09475.1,398,,,0.457
,CAA09475.1,399,,,0.45
,CAA09475.1,400,,,0.444
,CAA09475.1,401,,,0.437
,CAA09475.1,402,,,0.428
,CAA09475.1,403,,,0.411
,CAA09475.1,404,,,0.3989999999999999
,CAA09475.1,405,,,0.3929999999999999
,CAA09475.1,406,,,0.392
,CAA09475.1,407,,,0.3929999999999999
,CAA09475.1,408,,,0.391
,CAA09475.1,409,,,0.391
,CAA09475.1,410,,,0.39
,CAA09475.1,411,,,0.39
,CAA09475.1,412,,,0.392
,CAA09475.1,413,,,0.396
,CAA09475.1,414,,,0.3979999999999999
,CAA09475.1,415,,,0.402
,CAA09475.1,416,,,0.406
,CAA09475.1,417,,,0.409
,CAA09475.1,418,,,0.411
,CAA09475.1,419,,,0.42
,CAA09475.1,420,,,0.434
,CAA09475.1,421,,,0.447
,CAA09475.1,422,,,0.461
,CAA09475.1,423,,,0.479
,CAA09475.1,424,,,0.49
,CAA09475.1,425,,,0.498
,CAA09475.1,426,,,0.509
,CAA09475.1,427,,,0.52
,CAA09475.1,428,,,0.531
,CAA09475.1,429,,,0.544
,CAA09475.1,430,,,0.557
,CAA09475.1,431,,,0.569
,CAA09475.1,432,,,0.5820000000000001
,CAA09475.1,433,,,0.596
,CAA09475.1,434,,,0.611
,CAA09475.1,435,,,0.624
,CAA09475.1,436,,,0.635
,CAA09475.1,437,,,0.645
,CAA09475.1,438,,,0.6559999999999999
,CAA09475.1,439,,,0.6579999999999999
,CAA09475.1,440,,,0.66
,CAA09475.1,441,,,0.6659999999999999
,CAA09475.1,442,,,0.6629999999999999
,CAA09475.1,443,,,0.654
,CAA09475.1,444,,,0.652
,CAA09475.1,445,,,0.6559999999999999
,CAA09475.1,446,,,0.6579999999999999
,CAA09475.1,447,,,0.6579999999999999
,CAA09475.1,448,,,0.66
,CAA09475.1,449,,,0.654
,CAA09475.1,450,,,0.6459999999999999
,CAA09475.1,451,,,0.637
,CAA09475.1,452,,,0.624
,CAA09475.1,453,,,0.613
,CAA09475.1,454,,,0.604
,CAA09475.1,455,,,0.591
,CAA09475.1,456,,,0.584
,CAA09475.1,457,,,0.583
,CAA09475.1,458,,,0.5820000000000001
,CAA09475.1,459,,,0.585
,CAA09475.1,460,,,0.585
,CAA09475.1,461,,,0.5820000000000001
,CAA09475.1,462,,,0.578
,CAA09475.1,463,,,0.58
,CAA09475.1,464,,,0.574
,CAA09475.1,465,,,0.5660000000000001
,CAA09475.1,466,,,0.5529999999999999
,CAA09475.1,467,,,0.541
,CAA09475.1,468,,,0.53
,CAA09475.1,469,,,0.526
,CAA09475.1,470,,,0.524
,CAA09475.1,471,,,0.515
,CAA09475.1,472,,,0.506
,CAA09475.1,473,,,0.498
,CAA09475.1,474,,,0.48
,CAA09475.1,475,,,0.4629999999999999
,CAA09475.1,476,,,0.442
,CAA09475.1,477,,,0.414
,CAA09475.1,478,,,0.392
,CAA09475.1,479,,,0.371
,CAA09475.1,480,,,0.354
,CAA09475.1,481,,,0.3339999999999999
,CAA09475.1,482,,,0.321
,CAA09475.1,483,,,0.308
,CAA09475.1,484,,,0.304
,CAA09475.1,485,,,0.303
,CAA09475.1,486,,,0.305
,CAA09475.1,487,,,0.307
,CAA09475.1,488,,,0.315
,CAA09475.1,489,,,0.321
,CAA09475.1,490,,,0.3279999999999999
,CAA09475.1,491,,,0.34
,CAA09475.1,492,,,0.353
,CAA09475.1,493,,,0.364
,CAA09475.1,494,,,0.385
,CAA09475.1,495,,,0.407
,CAA09475.1,496,,,0.429
,CAA09475.1,497,,,0.4479999999999999
,CAA09475.1,498,,,0.4639999999999999
,CAA09475.1,499,,,0.48
,CAA09475.1,500,,,0.495
,CAA09475.1,501,,,0.504
,CAA09475.1,502,,,0.509
,CAA09475.1,503,,,0.514
,CAA09475.1,504,,,0.511
,CAA09475.1,505,,,0.501
,CAA09475.1,506,,,0.491
,CAA09475.1,507,,,0.48
,CAA09475.1,508,,,0.466
,CAA09475.1,509,,,0.451
,CAA09475.1,510,,,0.436
,CAA09475.1,511,,,0.418
,CAA09475.1,512,,,0.407
,CAA09475.1,513,,,0.3979999999999999
,CAA09475.1,514,,,0.387
,CAA09475.1,515,,,0.376
,CAA09475.1,516,,,0.363
,CAA09475.1,517,,,0.353
,CAA09475.1,518,,,0.342
,CAA09475.1,519,,,0.332
,CAA09475.1,520,,,0.322
,CAA09475.1,521,,,0.322
,CAA09475.1,522,,,0.322
,CAA09475.1,523,,,0.321
,CAA09475.1,524,,,0.325
,CAA09475.1,525,,,0.332
,CAA09475.1,526,,,0.3389999999999999
,CAA09475.1,527,,,0.352
,CAA09475.1,528,,,0.364
,CAA09475.1,529,,,0.371
,CAA09475.1,530,,,0.374
,CAA09475.1,531,,,0.3779999999999999
,CAA09475.1,532,,,0.377
,CAA09475.1,533,,,0.372
,CAA09475.1,534,,,0.368
,CAA09475.1,535,,,0.369
,CAA09475.1,536,,,0.37
,CAA09475.1,537,,,0.375
,CAA09475.1,538,,,0.377
,CAA09475.1,539,,,0.375
,CAA09475.1,540,,,0.375
,CAA09475.1,541,,,0.371
,CAA09475.1,542,,,0.368
,CAA09475.1,543,,,0.369
,CAA09475.1,544,,,0.366
,CAA09475.1,545,,,0.355
,CAA09475.1,546,,,0.345
,CAA09475.1,547,,,0.332
,CAA09475.1,548,,,0.315
,CAA09475.1,549,,,0.301
,CAA09475.1,550,,,0.292
,CAA09475.1,551,,,0.283
,CAA09475.1,552,,,0.276
,CAA09475.1,553,,,0.267
,CAA09475.1,554,,,0.258
,CAA09475.1,555,,,0.247
,CAA09475.1,556,,,0.237
,CAA09475.1,557,,,0.225
,CAA09475.1,558,,,0.218
,CAA09475.1,559,,,0.214
,CAA09475.1,560,,,0.206
,CAA09475.1,561,,,0.1989999999999999
,CAA09475.1,562,,,0.1969999999999999
,CAA09475.1,563,,,0.198
,CAA09475.1,564,,,0.198
,CAA09475.1,565,,,0.206
,CAA09475.1,566,,,0.214
,CAA09475.1,567,,,0.221
,CAA09475.1,568,,,0.236
,CAA09475.1,569,,,0.25
,CAA09475.1,570,,,0.261
,CAA09475.1,571,,,0.271
,CAA09475.1,572,,,0.276
,CAA09475.1,573,,,0.286
,CAA09475.1,574,,,0.293
,CAA09475.1,575,,,0.297
,CAA09475.1,576,,,0.302
,CAA09475.1,577,,,0.305
,CAA09475.1,578,,,0.312
,CAA09475.1,579,,,0.316
,CAA09475.1,580,,,0.32
,CAA09475.1,581,,,0.326
,CAA09475.1,582,,,0.331
,CAA09475.1,583,,,0.336
,CAA09475.1,584,,,0.344
,CAA09475.1,585,,,0.348
,CAA09475.1,586,,,0.355
,CAA09475.1,587,,,0.361
,CAA09475.1,588,,,0.37
,CAA09475.1,589,,,0.38
,CAA09475.1,590,,,0.391
,CAA09475.1,591,,,0.402
,CAA09475.1,592,,,0.418
,CAA09475.1,593,,,0.428
,CAA09475.1,594,,,0.445
,CAA09475.1,595,,,0.461
,CAA09475.1,596,,,0.475
,CAA09475.1,597,,,0.489
,CAA09475.1,598,,,0.504
,CAA09475.1,599,,,0.519
,CAA09475.1,600,,,0.534
,CAA09475.1,601,,,0.542
,CAA09475.1,602,,,0.5479999999999999
,CAA09475.1,603,,,0.55
,CAA09475.1,604,,,0.5489999999999999
,CAA09475.1,605,,,0.5489999999999999
,CAA09475.1,606,,,0.5429999999999999
,CAA09475.1,607,,,0.539
,CAA09475.1,608,,,0.532
,CAA09475.1,609,,,0.525
,CAA09475.1,610,,,0.518
,CAA09475.1,611,,,0.516
,CAA09475.1,612,,,0.511
,CAA09475.1,613,,,0.51
,CAA09475.1,614,,,0.506
,CAA09475.1,615,,,0.498
,CAA09475.1,616,,,0.491
,CAA09475.1,617,,,0.486
,CAA09475.1,618,,,0.475
,CAA09475.1,619,,,0.465
,CAA09475.1,620,,,0.455
,CAA09475.1,621,,,0.451
,CAA09475.1,622,,,0.4479999999999999
,CAA09475.1,623,,,0.449
,CAA09475.1,624,,,0.449
,CAA09475.1,625,,,0.45
,CAA09475.1,626,,,0.45
,CAA09475.1,627,,,0.45
,CAA09475.1,628,,,0.4429999999999999
,CAA09475.1,629,,,0.436
,CAA09475.1,630,,,0.431
,CAA09475.1,631,,,0.421
,CAA09475.1,632,,,0.417
,CAA09475.1,633,,,0.416
,CAA09475.1,634,,,0.415
,CAA09475.1,635,,,0.423
,CAA09475.1,636,,,0.431
,CAA09475.1,637,,,0.436
,CAA09475.1,638,,,0.445
,CAA09475.1,639,,,0.46
,CAA09475.1,640,,,0.475
,CAA09475.1,641,,,0.493
,CAA09475.1,642,,,0.509
,CAA09475.1,643,,,0.516
,CAA09475.1,644,,,0.522
,CAA09475.1,645,,,0.531
,CAA09475.1,646,,,0.5429999999999999
,CAA09475.1,647,,,0.5489999999999999
,CAA09475.1,648,,,0.561
,CAA09475.1,649,,,0.5720000000000001
,CAA09475.1,650,,,0.584
,CAA09475.1,651,,,0.597
,CAA09475.1,652,,,0.609
,CAA09475.1,653,,,0.61
,CAA09475.1,654,,,0.614
,CAA09475.1,655,,,0.609
,CAA09475.1,656,,,0.61
,CAA09475.1,657,,,0.613
,CAA09475.1,658,,,0.607
,CAA09475.1,659,,,0.594
,CAA09475.1,660,,,0.583
,CAA09475.1,661,,,0.57
,CAA09475.1,662,,,0.561
,CAA09475.1,663,,,0.557
,CAA09475.1,664,,,0.5579999999999999
,CAA09475.1,665,,,0.555
,CAA09475.1,666,,,0.55
,CAA09475.1,667,,,0.547
,CAA09475.1,668,,,0.54
,CAA09475.1,669,,,0.534
,CAA09475.1,670,,,0.525
,CAA09475.1,671,,,0.517
,CAA09475.1,672,,,0.508
,CAA09475.1,673,,,0.503
,CAA09475.1,674,,,0.488
,CAA09475.1,675,,,0.483
,CAA09475.1,676,,,0.477
,CAA09475.1,677,,,0.471
,CAA09475.1,678,,,0.47
,CAA09475.1,679,,,0.469
,CAA09475.1,680,,,0.4629999999999999
,CAA09475.1,681,,,0.455
,CAA09475.1,682,,,0.446
,CAA09475.1,683,,,0.439
,CAA09475.1,684,,,0.431
,CAA09475.1,685,,,0.425
,CAA09475.1,686,,,0.422
,CAA09475.1,687,,,0.421
,CAA09475.1,688,,,0.422
,CAA09475.1,689,,,0.421
,CAA09475.1,690,,,0.425
,CAA09475.1,691,,,0.424
,CAA09475.1,692,,,0.424
,CAA09475.1,693,,,0.428
,CAA09475.1,694,,,0.437
,CAA09475.1,695,,,0.445
,CAA09475.1,696,,,0.4539999999999999
,CAA09475.1,697,,,0.4679999999999999
,CAA09475.1,698,,,0.479
,CAA09475.1,699,,,0.491
,CAA09475.1,700,,,0.5
,CAA09475.1,701,,,0.512
,CAA09475.1,702,,,0.526
,CAA09475.1,703,,,0.5329999999999999
,CAA09475.1,704,,,0.537
,CAA09475.1,705,,,0.539
,CAA09475.1,706,,,0.542
,CAA09475.1,707,,,0.544
,CAA09475.1,708,,,0.5489999999999999
,CAA09475.1,709,,,0.5589999999999999
,CAA09475.1,710,,,0.56
,CAA09475.1,711,,,0.564
,CAA09475.1,712,,,0.574
,CAA09475.1,713,,,0.5760000000000001
,CAA09475.1,714,,,0.5770000000000001
,CAA09475.1,715,,,0.5760000000000001
,CAA09475.1,716,,,0.5710000000000001
,CAA09475.1,717,,,0.5660000000000001
,CAA09475.1,718,,,0.565
,CAA09475.1,719,,,0.5660000000000001
,CAA09475.1,720,,,0.5720000000000001
,CAA09475.1,721,,,0.5770000000000001
,CAA09475.1,722,,,0.581
,CAA09475.1,723,,,0.5870000000000001
,CAA09475.1,724,,,0.599
,CAA09475.1,725,,,0.607
,CAA09475.1,726,,,0.617
,CAA09475.1,727,,,0.624
,CAA09475.1,728,,,0.626
,CAA09475.1,729,,,0.62
,CAA09475.1,730,,,0.617
,CAA09475.1,731,,,0.617
,CAA09475.1,732,,,0.612
,CAA09475.1,733,,,0.608
,CAA09475.1,734,,,0.606
,CAA09475.1,735,,,0.601
,CAA09475.1,736,,,0.593
,CAA09475.1,737,,,0.5820000000000001
,CAA09475.1,738,,,0.5660000000000001
,CAA09475.1,739,,,0.551
,CAA09475.1,740,,,0.534
,CAA09475.1,741,,,0.518
,CAA09475.1,742,,,0.491
,CAA09475.1,743,,,0.465
,CAA09475.1,744,,,0.441
,CAA09475.1,745,,,0.425
,CAA09475.1,746,,,0.4029999999999999
,CAA09475.1,747,,,0.386
,CAA09475.1,748,,,0.371
,CAA09475.1,749,,,0.36
,CAA09475.1,750,,,0.355
,CAA09475.1,751,,,0.345
,CAA09475.1,752,,,0.3329999999999999
,CAA09475.1,753,,,0.327
,CAA09475.1,754,,,0.322
,CAA09475.1,755,,,0.3229999999999999
,CAA09475.1,756,,,0.32
,CAA09475.1,757,,,0.316
,CAA09475.1,758,,,0.318
,CAA09475.1,759,,,0.314
,CAA09475.1,760,,,0.314
,CAA09475.1,761,,,0.315
,CAA09475.1,762,,,0.326
,CAA09475.1,763,,,0.341
,CAA09475.1,764,,,0.356
,CAA09475.1,765,,,0.364
,CAA09475.1,766,,,0.375
,CAA09475.1,767,,,0.387
,CAA09475.1,768,,,0.4039999999999999
,CAA09475.1,769,,,0.421
,CAA09475.1,770,,,0.434
,CAA09475.1,771,,,0.449
,CAA09475.1,772,,,0.462
,CAA09475.1,773,,,0.475
,CAA09475.1,774,,,0.482
,CAA09475.1,775,,,0.487
,CAA09475.1,776,,,0.495
,CAA09475.1,777,,,0.506
,CAA09475.1,778,,,0.517
,CAA09475.1,779,,,0.531
,CAA09475.1,780,,,0.5379999999999999
,CAA09475.1,781,,,0.5379999999999999
,CAA09475.1,782,,,0.534
,CAA09475.1,783,,,0.526
,CAA09475.1,784,,,0.515
,CAA09475.1,785,,,0.501
,CAA09475.1,786,,,0.488
,CAA09475.1,787,,,0.474
,CAA09475.1,788,,,0.46
,CAA09475.1,789,,,0.447
,CAA09475.1,790,,,0.44
,CAA09475.1,791,,,0.4379999999999999
,CAA09475.1,792,,,0.44
,CAA09475.1,793,,,0.444
,CAA09475.1,794,,,0.4479999999999999
,CAA09475.1,795,,,0.452
,CAA09475.1,796,,,0.451
,CAA09475.1,797,,,0.4429999999999999
,CAA09475.1,798,,,0.437
,CAA09475.1,799,,,0.434
,CAA09475.1,800,,,0.436
,CAA09475.1,801,,,0.441
,CAA09475.1,802,,,0.4479999999999999
,CAA09475.1,803,,,0.46
,CAA09475.1,804,,,0.466
,CAA09475.1,805,,,0.473
,CAA09475.1,806,,,0.475
,CAA09475.1,807,,,0.475
,CAA09475.1,808,,,0.47
,CAA09475.1,809,,,0.46
,CAA09475.1,810,,,0.446
,CAA09475.1,811,,,0.429
,CAA09475.1,812,,,0.412
,CAA09475.1,813,,,0.3979999999999999
,CAA09475.1,814,,,0.386
,CAA09475.1,815,,,0.374
,CAA09475.1,816,,,0.367
,CAA09475.1,817,,,0.364
,CAA09475.1,818,,,0.364
,CAA09475.1,819,,,0.368
,CAA09475.1,820,,,0.376
,CAA09475.1,821,,,0.3829999999999999
,CAA09475.1,822,,,0.3929999999999999
,CAA09475.1,823,,,0.401
,CAA09475.1,824,,,0.411
,CAA09475.1,825,,,0.42
,CAA09475.1,826,,,0.4379999999999999
,CAA09475.1,827,,,0.4529999999999999
,CAA09475.1,828,,,0.467
,CAA09475.1,829,,,0.482
,CAA09475.1,830,,,0.491
,CAA09475.1,831,,,0.502
,CAA09475.1,832,,,0.506
,CAA09475.1,833,,,0.509
,CAA09475.1,834,,,0.516
,CAA09475.1,835,,,0.519
,CAA09475.1,836,,,0.514
,CAA09475.1,837,,,0.51
,CAA09475.1,838,,,0.499
,CAA09475.1,839,,,0.479
,CAA09475.1,840,,,0.4589999999999999
,CAA09475.1,841,,,0.444
,CAA09475.1,842,,,0.431
,CAA09475.1,843,,,0.415
,CAA09475.1,844,,,0.407
,CAA09475.1,845,,,0.409
,CAA09475.1,846,,,0.409
,CAA09475.1,847,,,0.412
,CAA09475.1,848,,,0.423
,CAA09475.1,849,,,0.437
,CAA09475.1,850,,,0.455
,CAA09475.1,851,,,0.473
,CAA09475.1,852,,,0.494
,CAA09475.1,853,,,0.51
,CAA09475.1,854,,,0.521
,CAA09475.1,855,,,0.535
,CAA09475.1,856,,,0.555
,CAA09475.1,857,,,0.574
,CAA09475.1,858,,,0.593
,CAA09475.1,859,,,0.61
,CAA09475.1,860,,,0.621
,CAA09475.1,861,,,0.627
,CAA09475.1,862,,,0.631
,CAA09475.1,863,,,0.638
,CAA09475.1,864,,,0.6409999999999999
,CAA09475.1,865,,,0.639
,CAA09475.1,866,,,0.631
,CAA09475.1,867,,,0.62
,CAA09475.1,868,,,0.603
,CAA09475.1,869,,,0.586
,CAA09475.1,870,,,0.573
,CAA09475.1,871,,,0.564
,CAA09475.1,872,,,0.5589999999999999
,CAA09475.1,873,,,0.561
,CAA09475.1,874,,,0.564
,CAA09475.1,875,,,0.5710000000000001
,CAA09475.1,876,,,0.579
,CAA09475.1,877,,,0.59
,CAA09475.1,878,,,0.604
,CAA09475.1,879,,,0.62
,CAA09475.1,880,,,0.637
,CAA09475.1,881,,,0.62
,CAA09475.1,882,,,0.599
,CAA09475.1,883,,,0.578
,CAA09475.1,884,,,0.5579999999999999
,CAA09475.1,885,,,0.534
,CAA09475.1,886,,,0.514
,CAA09475.1,887,,,0.497
,CAA09475.1,888,,,0.48
,CAA09475.1,889,,,0.462
,CAA09475.1,890,,,0.4379999999999999
,CAA09475.1,891,,,0.409
,CAA09475.1,892,,,0.3929999999999999
,CAA09475.1,893,,,0.371
,CAA09475.1,894,,,0.347
,CAA09475.1,895,,,0.317
,CAA09475.1,896,,,0.283
,CAA09475.1,897,,,0.241
,CAA09475.1,898,,,0.195
,CAA09475.1,899,,,0.139
,CAA09475.1,900,,,0.078
,CAA09475.1,901,,,0.073
,CAA09475.1,902,,,0.072
,CAA09475.1,903,,,0.068
,CAA09475.1,904,,,0.062
,CAA09475.1,905,,,0.0579999999999999
,CAA09475.1,906,,,0.052
,CAA09475.1,907,,,0.051
,CAA09475.1,908,,,0.054
,CAA09475.1,909,,,0.0559999999999999
,CAA09475.1,910,,,0.06
